product_id,product_name,category_l1,category_l2,cost_price,launch_date,status
P0001,耳机 标准版,电子产品,音频设备,374.16,2022-05-23,在售
P0002,耳机 升级版,电子产品,音频设备,2269.8,2023-03-09,在售
P0003,耳机 豪华版,电子产品,音频设备,241.38,2023-07-29,在售
P0004,耳机 青春版,电子产品,音频设备,1840.86,2023-08-27,在售
P0005,耳机 Pro版,电子产品,音频设备,2732.15,2023-03-09,在售
P0006,耳机 Plus版,电子产品,音频设备,563.22,2022-04-05,在售
P0007,耳机 迷你版,电子产品,音频设备,919.3,2022-02-14,在售
P0008,耳机 大容量版,电子产品,音频设备,1871.22,2023-07-20,在售
P0009,音箱 标准版,电子产品,音频设备,2049.07,2023-12-23,在售
P0010,音箱 升级版,电子产品,音频设备,2100.03,2022-08-27,缺货
P0011,音箱 豪华版,电子产品,音频设备,1035.4,2022-06-16,在售
P0012,音箱 青春版,电子产品,音频设备,521.89,2023-10-26,在售
P0013,音箱 Pro版,电子产品,音频设备,1788.93,2023-04-19,在售
P0014,音箱 Plus版,电子产品,音频设备,2929.3,2023-12-03,在售
P0015,音箱 迷你版,电子产品,音频设备,1605.92,2022-11-20,在售
P0016,音箱 大容量版,电子产品,音频设备,254.5,2022-11-19,在售
P0017,麦克风 标准版,电子产品,音频设备,1354.38,2022-09-29,在售
P0018,麦克风 升级版,电子产品,音频设备,2099.44,2023-03-15,缺货
P0019,麦克风 豪华版,电子产品,音频设备,944.18,2023-06-06,在售
P0020,麦克风 青春版,电子产品,音频设备,2495.81,2022-06-13,在售
P0021,麦克风 Pro版,电子产品,音频设备,896.66,2023-04-25,在售
P0022,麦克风 Plus版,电子产品,音频设备,3196.94,2022-04-28,在售
P0023,声卡 标准版,电子产品,音频设备,2375.3,2022-10-28,在售
P0024,声卡 升级版,电子产品,音频设备,1575.34,2022-09-27,下架
P0025,声卡 豪华版,电子产品,音频设备,2110.75,2023-10-03,在售
P0026,声卡 青春版,电子产品,音频设备,1872.07,2022-06-15,在售
P0027,声卡 Pro版,电子产品,音频设备,2182.86,2022-11-28,在售
P0028,声卡 Plus版,电子产品,音频设备,307.24,2022-11-11,在售
P0029,声卡 迷你版,电子产品,音频设备,708.38,2023-05-13,在售
P0030,播放器 标准版,电子产品,音频设备,1684.29,2023-07-17,在售
P0031,播放器 升级版,电子产品,音频设备,1549.22,2023-07-07,在售
P0032,播放器 豪华版,电子产品,音频设备,2127.02,2023-11-19,在售
P0033,播放器 青春版,电子产品,音频设备,1231.93,2022-08-19,在售
P0034,播放器 Pro版,电子产品,音频设备,87.26,2022-01-08,在售
P0035,播放器 Plus版,电子产品,音频设备,1487.58,2022-12-05,在售
P0036,播放器 迷你版,电子产品,音频设备,737.73,2022-05-16,在售
P0037,智能手机 标准版,电子产品,手机通讯,1372.47,2023-02-21,在售
P0038,智能手机 升级版,电子产品,手机通讯,280.44,2023-04-24,缺货
P0039,智能手机 豪华版,电子产品,手机通讯,189.63,2022-03-04,在售
P0040,智能手机 青春版,电子产品,手机通讯,1138.91,2022-07-14,在售
P0041,智能手机 Pro版,电子产品,手机通讯,338.51,2022-03-19,在售
P0042,智能手机 Plus版,电子产品,手机通讯,2437.65,2023-07-08,在售
P0043,智能手机 迷你版,电子产品,手机通讯,3285.51,2022-06-20,在售
P0044,老人机 标准版,电子产品,手机通讯,576.53,2023-01-24,在售
P0045,老人机 升级版,电子产品,手机通讯,1344.11,2022-10-20,在售
P0046,老人机 豪华版,电子产品,手机通讯,3345.53,2023-05-14,在售
P0047,老人机 青春版,电子产品,手机通讯,1048.84,2023-07-10,在售
P0048,老人机 Pro版,电子产品,手机通讯,665.04,2023-06-28,在售
P0049,老人机 Plus版,电子产品,手机通讯,2037.84,2023-09-02,在售
P0050,对讲机 标准版,电子产品,手机通讯,1398.19,2023-08-16,在售
P0051,对讲机 升级版,电子产品,手机通讯,1638.26,2023-06-20,在售
P0052,对讲机 豪华版,电子产品,手机通讯,805.7,2022-09-29,在售
P0053,对讲机 青春版,电子产品,手机通讯,1653.68,2022-03-16,在售
P0054,手机配件 标准版,电子产品,手机通讯,3488.8,2022-08-07,在售
P0055,手机配件 升级版,电子产品,手机通讯,356.15,2022-09-08,在售
P0056,手机配件 豪华版,电子产品,手机通讯,540.15,2023-09-19,下架
P0057,手机配件 青春版,电子产品,手机通讯,2259.95,2023-07-22,在售
P0058,手机配件 Pro版,电子产品,手机通讯,2272.56,2022-04-29,缺货
P0059,手机配件 Plus版,电子产品,手机通讯,1663.7,2022-08-04,在售
P0060,手机配件 迷你版,电子产品,手机通讯,624.39,2023-05-16,在售
P0061,笔记本电脑 标准版,电子产品,电脑办公,267.16,2022-01-04,在售
P0062,笔记本电脑 升级版,电子产品,电脑办公,484.06,2023-03-29,在售
P0063,笔记本电脑 豪华版,电子产品,电脑办公,873.11,2023-12-09,缺货
P0064,台式机 标准版,电子产品,电脑办公,116.63,2023-03-17,在售
P0065,台式机 升级版,电子产品,电脑办公,1055.36,2022-02-10,缺货
P0066,台式机 豪华版,电子产品,电脑办公,517.54,2023-07-28,缺货
P0067,台式机 青春版,电子产品,电脑办公,1208.49,2022-08-31,缺货
P0068,台式机 Pro版,电子产品,电脑办公,3140.4,2022-01-26,在售
P0069,台式机 Plus版,电子产品,电脑办公,2936.33,2023-11-17,缺货
P0070,台式机 迷你版,电子产品,电脑办公,1950.51,2022-04-21,在售
P0071,平板电脑 标准版,电子产品,电脑办公,2006.96,2023-04-17,在售
P0072,平板电脑 升级版,电子产品,电脑办公,2719.44,2023-11-07,在售
P0073,平板电脑 豪华版,电子产品,电脑办公,1104.27,2022-10-13,在售
P0074,键盘鼠标 标准版,电子产品,电脑办公,1408.41,2022-01-29,在售
P0075,键盘鼠标 升级版,电子产品,电脑办公,2201.4,2022-09-29,在售
P0076,键盘鼠标 豪华版,电子产品,电脑办公,1512.64,2023-03-23,在售
P0077,键盘鼠标 青春版,电子产品,电脑办公,1330.94,2022-09-18,在售
P0078,键盘鼠标 Pro版,电子产品,电脑办公,1227.86,2023-12-05,在售
P0079,键盘鼠标 Plus版,电子产品,电脑办公,2238.02,2022-03-13,缺货
P0080,键盘鼠标 迷你版,电子产品,电脑办公,2704.54,2022-05-08,在售
P0081,显示器 标准版,电子产品,电脑办公,1536.33,2023-12-15,在售
P0082,显示器 升级版,电子产品,电脑办公,357.81,2023-11-25,在售
P0083,显示器 豪华版,电子产品,电脑办公,520.18,2022-01-01,在售
P0084,显示器 青春版,电子产品,电脑办公,693.2,2022-11-26,在售
P0085,显示器 Pro版,电子产品,电脑办公,1039.0,2022-06-23,在售
P0086,打印机 标准版,电子产品,电脑办公,1534.57,2022-08-29,在售
P0087,打印机 升级版,电子产品,电脑办公,534.2,2022-09-08,下架
P0088,打印机 豪华版,电子产品,电脑办公,1939.44,2023-10-07,在售
P0089,打印机 青春版,电子产品,电脑办公,1857.69,2022-06-01,在售
P0090,打印机 Pro版,电子产品,电脑办公,48.43,2022-04-20,在售
P0091,智能手表 标准版,电子产品,智能穿戴,632.84,2022-02-21,在售
P0092,智能手表 升级版,电子产品,智能穿戴,2003.76,2023-04-21,在售
P0093,智能手表 豪华版,电子产品,智能穿戴,2858.5,2023-03-30,在售
P0094,智能手表 青春版,电子产品,智能穿戴,1990.9,2023-07-16,在售
P0095,手环 标准版,电子产品,智能穿戴,2023.75,2022-09-11,在售
P0096,手环 升级版,电子产品,智能穿戴,900.99,2022-09-02,在售
P0097,手环 豪华版,电子产品,智能穿戴,210.58,2022-11-24,缺货
P0098,手环 青春版,电子产品,智能穿戴,199.85,2022-06-06,在售
P0099,AR眼镜 标准版,电子产品,智能穿戴,1050.25,2022-03-05,在售
P0100,AR眼镜 升级版,电子产品,智能穿戴,1430.0,2023-12-14,在售
P0101,AR眼镜 豪华版,电子产品,智能穿戴,2525.21,2022-12-27,在售
P0102,智能戒指 标准版,电子产品,智能穿戴,2932.48,2023-07-14,在售
P0103,智能戒指 升级版,电子产品,智能穿戴,2455.92,2023-05-13,在售
P0104,智能戒指 豪华版,电子产品,智能穿戴,1034.72,2022-06-19,在售
P0105,智能戒指 青春版,电子产品,智能穿戴,3194.6,2023-02-08,在售
P0106,智能戒指 Pro版,电子产品,智能穿戴,1416.65,2023-04-18,在售
P0107,智能戒指 Plus版,电子产品,智能穿戴,666.49,2022-12-12,在售
P0108,移动硬盘 标准版,电子产品,存储设备,978.26,2022-03-25,在售
P0109,移动硬盘 升级版,电子产品,存储设备,1561.78,2022-08-18,在售
P0110,移动硬盘 豪华版,电子产品,存储设备,2332.74,2022-09-11,在售
P0111,移动硬盘 青春版,电子产品,存储设备,67.25,2023-11-17,在售
P0112,移动硬盘 Pro版,电子产品,存储设备,2558.03,2023-01-13,在售
P0113,移动硬盘 Plus版,电子产品,存储设备,1908.02,2022-06-17,下架
P0114,U盘 标准版,电子产品,存储设备,1977.97,2023-01-20,在售
P0115,U盘 升级版,电子产品,存储设备,1517.56,2023-10-05,在售
P0116,U盘 豪华版,电子产品,存储设备,1717.2,2022-05-04,在售
P0117,固态硬盘 标准版,电子产品,存储设备,1978.35,2023-01-15,在售
P0118,固态硬盘 升级版,电子产品,存储设备,1314.49,2023-05-17,在售
P0119,固态硬盘 豪华版,电子产品,存储设备,2838.73,2023-12-26,在售
P0120,固态硬盘 青春版,电子产品,存储设备,513.05,2023-09-23,在售
P0121,固态硬盘 Pro版,电子产品,存储设备,1479.24,2023-08-30,在售
P0122,固态硬盘 Plus版,电子产品,存储设备,2769.56,2023-04-07,在售
P0123,固态硬盘 迷你版,电子产品,存储设备,1370.46,2022-01-30,在售
P0124,存储卡 标准版,电子产品,存储设备,440.5,2022-12-15,在售
P0125,存储卡 升级版,电子产品,存储设备,1992.74,2023-06-14,缺货
P0126,存储卡 豪华版,电子产品,存储设备,291.86,2022-09-04,在售
P0127,存储卡 青春版,电子产品,存储设备,1777.03,2022-04-06,在售
P0128,存储卡 Pro版,电子产品,存储设备,970.48,2023-01-13,在售
P0129,电饭煲 标准版,家居用品,厨房电器,734.61,2022-12-27,在售
P0130,电饭煲 升级版,家居用品,厨房电器,396.8,2022-07-17,在售
P0131,电饭煲 豪华版,家居用品,厨房电器,1532.49,2022-07-16,在售
P0132,电饭煲 青春版,家居用品,厨房电器,906.35,2023-06-22,在售
P0133,电饭煲 Pro版,家居用品,厨房电器,1911.75,2023-01-05,在售
P0134,电饭煲 Plus版,家居用品,厨房电器,40.35,2022-02-25,在售
P0135,电饭煲 迷你版,家居用品,厨房电器,920.14,2023-05-18,在售
P0136,破壁机 标准版,家居用品,厨房电器,938.31,2022-07-08,下架
P0137,破壁机 升级版,家居用品,厨房电器,513.55,2022-03-08,在售
P0138,破壁机 豪华版,家居用品,厨房电器,147.22,2022-06-02,在售
P0139,空气炸锅 标准版,家居用品,厨房电器,134.27,2023-03-03,在售
P0140,空气炸锅 升级版,家居用品,厨房电器,1112.44,2023-04-07,缺货
P0141,空气炸锅 豪华版,家居用品,厨房电器,526.48,2023-08-06,在售
P0142,空气炸锅 青春版,家居用品,厨房电器,1144.9,2022-08-01,在售
P0143,空气炸锅 Pro版,家居用品,厨房电器,346.27,2023-07-20,在售
P0144,微波炉 标准版,家居用品,厨房电器,754.45,2022-02-03,在售
P0145,微波炉 升级版,家居用品,厨房电器,1301.0,2023-12-05,在售
P0146,微波炉 豪华版,家居用品,厨房电器,519.92,2022-07-22,在售
P0147,电磁炉 标准版,家居用品,厨房电器,310.26,2022-05-26,在售
P0148,电磁炉 升级版,家居用品,厨房电器,257.36,2023-08-06,缺货
P0149,电磁炉 豪华版,家居用品,厨房电器,721.33,2023-02-17,缺货
P0150,电磁炉 青春版,家居用品,厨房电器,831.2,2022-02-10,缺货
P0151,电磁炉 Pro版,家居用品,厨房电器,1285.17,2022-08-23,下架
P0152,电磁炉 Plus版,家居用品,厨房电器,1438.73,2023-11-20,在售
P0153,电磁炉 迷你版,家居用品,厨房电器,1095.26,2023-06-16,在售
P0154,电水壶 标准版,家居用品,厨房电器,327.53,2023-05-19,下架
P0155,电水壶 升级版,家居用品,厨房电器,745.06,2022-04-18,缺货
P0156,电水壶 豪华版,家居用品,厨房电器,613.89,2023-02-15,在售
P0157,电水壶 青春版,家居用品,厨房电器,892.53,2022-11-28,在售
P0158,电水壶 Pro版,家居用品,厨房电器,1532.92,2022-01-02,在售
P0159,吸尘器 标准版,家居用品,清洁电器,583.63,2023-09-30,在售
P0160,吸尘器 升级版,家居用品,清洁电器,1185.32,2023-07-17,在售
P0161,吸尘器 豪华版,家居用品,清洁电器,588.16,2022-01-30,下架
P0162,吸尘器 青春版,家居用品,清洁电器,867.31,2023-07-19,在售
P0163,吸尘器 Pro版,家居用品,清洁电器,580.4,2022-04-27,在售
P0164,吸尘器 Plus版,家居用品,清洁电器,246.13,2022-10-26,在售
P0165,吸尘器 迷你版,家居用品,清洁电器,547.7,2022-09-07,在售
P0166,扫地机器人 标准版,家居用品,清洁电器,791.07,2022-05-20,缺货
P0167,扫地机器人 升级版,家居用品,清洁电器,541.74,2023-06-04,在售
P0168,扫地机器人 豪华版,家居用品,清洁电器,23.24,2023-08-17,下架
P0169,扫地机器人 青春版,家居用品,清洁电器,659.86,2022-12-20,在售
P0170,洗衣机 标准版,家居用品,清洁电器,782.05,2023-12-16,在售
P0171,洗衣机 升级版,家居用品,清洁电器,766.77,2022-11-22,在售
P0172,洗衣机 豪华版,家居用品,清洁电器,1366.97,2023-11-11,在售
P0173,洗衣机 青春版,家居用品,清洁电器,876.33,2022-05-10,在售
P0174,洗衣机 Pro版,家居用品,清洁电器,1178.29,2023-03-27,在售
P0175,洗衣机 Plus版,家居用品,清洁电器,1106.19,2023-11-02,下架
P0176,洗衣机 迷你版,家居用品,清洁电器,160.04,2023-10-01,在售
P0177,干衣机 标准版,家居用品,清洁电器,133.88,2023-07-01,在售
P0178,干衣机 升级版,家居用品,清洁电器,597.44,2023-07-09,在售
P0179,干衣机 豪华版,家居用品,清洁电器,137.44,2022-08-21,在售
P0180,干衣机 青春版,家居用品,清洁电器,566.51,2022-04-13,在售
P0181,干衣机 Pro版,家居用品,清洁电器,1403.24,2022-02-27,在售
P0182,干衣机 Plus版,家居用品,清洁电器,507.24,2023-08-03,在售
P0183,干衣机 迷你版,家居用品,清洁电器,255.57,2023-01-27,在售
P0184,干衣机 大容量版,家居用品,清洁电器,502.2,2023-04-18,在售
P0185,电风扇 标准版,家居用品,生活电器,317.55,2022-10-22,在售
P0186,电风扇 升级版,家居用品,生活电器,265.83,2023-08-25,在售
P0187,电风扇 豪华版,家居用品,生活电器,1752.82,2022-11-06,在售
P0188,电风扇 青春版,家居用品,生活电器,638.99,2023-08-09,在售
P0189,电风扇 Pro版,家居用品,生活电器,554.14,2023-11-06,在售
P0190,电风扇 Plus版,家居用品,生活电器,35.65,2022-02-20,缺货
P0191,空调 标准版,家居用品,生活电器,1010.41,2022-08-24,在售
P0192,空调 升级版,家居用品,生活电器,636.13,2023-11-26,在售
P0193,空调 豪华版,家居用品,生活电器,1395.46,2022-04-10,缺货
P0194,空调 青春版,家居用品,生活电器,960.54,2023-08-17,在售
P0195,空调 Pro版,家居用品,生活电器,282.81,2023-03-02,在售
P0196,空调 Plus版,家居用品,生活电器,237.38,2023-06-28,在售
P0197,空调 迷你版,家居用品,生活电器,377.2,2023-05-09,下架
P0198,空调 大容量版,家居用品,生活电器,599.35,2023-04-25,下架
P0199,加湿器 标准版,家居用品,生活电器,1061.56,2023-11-22,下架
P0200,加湿器 升级版,家居用品,生活电器,1861.78,2023-02-09,在售
P0201,加湿器 豪华版,家居用品,生活电器,870.97,2023-11-20,在售
P0202,加湿器 青春版,家居用品,生活电器,687.19,2023-11-23,在售
P0203,除湿机 标准版,家居用品,生活电器,1277.15,2023-09-17,在售
P0204,除湿机 升级版,家居用品,生活电器,140.92,2022-11-06,在售
P0205,除湿机 豪华版,家居用品,生活电器,155.73,2023-05-20,在售
P0206,空气净化器 标准版,家居用品,生活电器,1174.53,2023-11-18,缺货
P0207,空气净化器 升级版,家居用品,生活电器,1179.51,2022-06-08,缺货
P0208,空气净化器 豪华版,家居用品,生活电器,1284.04,2022-10-14,在售
P0209,空气净化器 青春版,家居用品,生活电器,602.56,2023-01-07,在售
P0210,办公椅 标准版,家居用品,家具,751.63,2022-03-04,在售
P0211,办公椅 升级版,家居用品,家具,259.25,2023-04-11,在售
P0212,办公椅 豪华版,家居用品,家具,390.59,2022-02-21,在售
P0213,办公椅 青春版,家居用品,家具,329.82,2022-03-12,在售
P0214,办公椅 Pro版,家居用品,家具,965.23,2022-08-27,在售
P0215,办公椅 Plus版,家居用品,家具,313.79,2022-05-29,下架
P0216,办公椅 迷你版,家居用品,家具,1045.31,2022-01-27,在售
P0217,办公椅 大容量版,家居用品,家具,696.35,2022-01-17,在售
P0218,升降桌 标准版,家居用品,家具,213.92,2022-03-07,在售
P0219,升降桌 升级版,家居用品,家具,1296.69,2023-05-31,在售
P0220,升降桌 豪华版,家居用品,家具,1147.87,2023-11-06,在售
P0221,沙发 标准版,家居用品,家具,794.43,2023-02-16,在售
P0222,沙发 升级版,家居用品,家具,215.2,2022-03-24,在售
P0223,沙发 豪华版,家居用品,家具,206.03,2023-08-23,在售
P0224,沙发 青春版,家居用品,家具,695.46,2023-04-10,在售
P0225,沙发 Pro版,家居用品,家具,834.21,2023-11-02,在售
P0226,沙发 Plus版,家居用品,家具,1425.9,2023-04-08,缺货
P0227,床 标准版,家居用品,家具,555.68,2022-04-08,在售
P0228,床 升级版,家居用品,家具,456.55,2023-12-05,缺货
P0229,床 豪华版,家居用品,家具,148.99,2022-04-09,在售
P0230,床 青春版,家居用品,家具,499.08,2023-07-30,在售
P0231,床 Pro版,家居用品,家具,1056.92,2023-03-10,缺货
P0232,床 Plus版,家居用品,家具,1499.5,2022-12-27,在售
P0233,衣柜 标准版,家居用品,家具,395.13,2022-04-21,在售
P0234,衣柜 升级版,家居用品,家具,730.82,2022-08-20,在售
P0235,衣柜 豪华版,家居用品,家具,1758.68,2023-09-21,在售
P0236,衣柜 青春版,家居用品,家具,980.98,2023-12-12,在售
P0237,衣柜 Pro版,家居用品,家具,345.62,2022-12-14,在售
P0238,衣柜 Plus版,家居用品,家具,251.95,2022-03-13,在售
P0239,衣柜 迷你版,家居用品,家具,781.78,2022-08-09,在售
P0240,书架 标准版,家居用品,家具,532.71,2023-08-05,在售
P0241,书架 升级版,家居用品,家具,1185.26,2022-02-20,在售
P0242,书架 豪华版,家居用品,家具,501.7,2023-03-29,在售
P0243,书架 青春版,家居用品,家具,371.11,2022-04-24,在售
P0244,书架 Pro版,家居用品,家具,1116.61,2022-02-16,在售
P0245,书架 Plus版,家居用品,家具,1230.07,2022-08-05,在售
P0246,薯片 标准版,食品饮料,休闲零食,26.79,2023-03-17,在售
P0247,薯片 升级版,食品饮料,休闲零食,48.36,2023-11-16,在售
P0248,薯片 豪华版,食品饮料,休闲零食,12.55,2022-01-20,在售
P0249,薯片 青春版,食品饮料,休闲零食,9.97,2023-02-19,在售
P0250,薯片 Pro版,食品饮料,休闲零食,37.57,2022-11-29,在售
P0251,坚果 标准版,食品饮料,休闲零食,57.48,2023-03-24,在售
P0252,坚果 升级版,食品饮料,休闲零食,30.24,2023-02-10,缺货
P0253,坚果 豪华版,食品饮料,休闲零食,70.17,2022-03-20,在售
P0254,坚果 青春版,食品饮料,休闲零食,15.06,2022-12-24,在售
P0255,坚果 Pro版,食品饮料,休闲零食,113.89,2022-04-16,在售
P0256,坚果 Plus版,食品饮料,休闲零食,25.24,2023-11-03,在售
P0257,坚果 迷你版,食品饮料,休闲零食,112.09,2023-08-01,在售
P0258,巧克力 标准版,食品饮料,休闲零食,91.6,2023-10-02,在售
P0259,巧克力 升级版,食品饮料,休闲零食,96.17,2023-04-26,在售
P0260,巧克力 豪华版,食品饮料,休闲零食,30.9,2023-06-04,在售
P0261,巧克力 青春版,食品饮料,休闲零食,39.09,2022-10-21,在售
P0262,巧克力 Pro版,食品饮料,休闲零食,113.94,2023-06-04,在售
P0263,巧克力 Plus版,食品饮料,休闲零食,81.09,2022-02-12,在售
P0264,饼干 标准版,食品饮料,休闲零食,65.59,2022-06-04,下架
P0265,饼干 升级版,食品饮料,休闲零食,59.73,2022-03-28,在售
P0266,饼干 豪华版,食品饮料,休闲零食,18.33,2023-03-26,在售
P0267,饼干 青春版,食品饮料,休闲零食,63.09,2023-02-01,在售
P0268,饼干 Pro版,食品饮料,休闲零食,41.12,2023-10-25,在售
P0269,饼干 Plus版,食品饮料,休闲零食,39.31,2022-09-16,在售
P0270,饼干 迷你版,食品饮料,休闲零食,89.38,2022-12-08,在售
P0271,糖果 标准版,食品饮料,休闲零食,16.45,2023-12-17,在售
P0272,糖果 升级版,食品饮料,休闲零食,18.47,2023-07-27,在售
P0273,糖果 豪华版,食品饮料,休闲零食,102.63,2023-12-03,缺货
P0274,糖果 青春版,食品饮料,休闲零食,13.96,2022-01-19,在售
P0275,糖果 Pro版,食品饮料,休闲零食,18.64,2023-05-13,在售
P0276,糖果 Plus版,食品饮料,休闲零食,89.29,2022-04-14,在售
P0277,糖果 迷你版,食品饮料,休闲零食,68.53,2023-11-09,在售
P0278,糖果 大容量版,食品饮料,休闲零食,67.84,2022-06-16,在售
P0279,燕麦片 标准版,食品饮料,早餐谷物,99.85,2023-03-25,在售
P0280,燕麦片 升级版,食品饮料,早餐谷物,46.83,2023-09-18,在售
P0281,燕麦片 豪华版,食品饮料,早餐谷物,80.72,2022-11-13,下架
P0282,燕麦片 青春版,食品饮料,早餐谷物,106.02,2023-11-26,缺货
P0283,燕麦片 Pro版,食品饮料,早餐谷物,106.07,2023-01-27,在售
P0284,燕麦片 Plus版,食品饮料,早餐谷物,38.87,2023-09-12,在售
P0285,燕麦片 迷你版,食品饮料,早餐谷物,31.84,2023-07-22,缺货
P0286,燕麦片 大容量版,食品饮料,早餐谷物,79.73,2022-03-27,在售
P0287,麦片 标准版,食品饮料,早餐谷物,51.31,2022-04-04,缺货
P0288,麦片 升级版,食品饮料,早餐谷物,25.86,2022-01-28,在售
P0289,麦片 豪华版,食品饮料,早餐谷物,42.16,2022-03-25,在售
P0290,麦片 青春版,食品饮料,早餐谷物,7.13,2023-10-28,在售
P0291,麦片 Pro版,食品饮料,早餐谷物,13.78,2023-04-29,在售
P0292,玉米片 标准版,食品饮料,早餐谷物,82.72,2022-03-23,在售
P0293,玉米片 升级版,食品饮料,早餐谷物,20.93,2023-09-16,在售
P0294,玉米片 豪华版,食品饮料,早餐谷物,12.98,2022-02-18,在售
P0295,玉米片 青春版,食品饮料,早餐谷物,76.05,2023-05-27,在售
P0296,豆浆粉 标准版,食品饮料,早餐谷物,73.41,2022-10-26,在售
P0297,豆浆粉 升级版,食品饮料,早餐谷物,58.97,2023-11-12,在售
P0298,豆浆粉 豪华版,食品饮料,早餐谷物,54.42,2023-07-12,在售
P0299,矿泉水 标准版,食品饮料,饮料,58.47,2023-10-13,在售
P0300,矿泉水 升级版,食品饮料,饮料,48.56,2022-03-11,在售
P0301,矿泉水 豪华版,食品饮料,饮料,87.05,2022-12-07,在售
P0302,矿泉水 青春版,食品饮料,饮料,36.96,2023-12-03,在售
P0303,矿泉水 Pro版,食品饮料,饮料,82.89,2022-03-06,在售
P0304,矿泉水 Plus版,食品饮料,饮料,77.7,2022-07-24,缺货
P0305,矿泉水 迷你版,食品饮料,饮料,32.81,2023-07-11,在售
P0306,碳酸饮料 标准版,食品饮料,饮料,69.46,2022-02-18,缺货
P0307,碳酸饮料 升级版,食品饮料,饮料,30.49,2023-02-14,在售
P0308,碳酸饮料 豪华版,食品饮料,饮料,92.6,2023-05-24,在售
P0309,果汁 标准版,食品饮料,饮料,102.95,2023-03-11,在售
P0310,果汁 升级版,食品饮料,饮料,79.21,2022-11-25,在售
P0311,果汁 豪华版,食品饮料,饮料,33.69,2023-03-13,在售
P0312,果汁 青春版,食品饮料,饮料,48.91,2022-12-28,在售
P0313,果汁 Pro版,食品饮料,饮料,53.16,2022-02-28,在售
P0314,茶饮料 标准版,食品饮料,饮料,46.65,2022-06-13,下架
P0315,茶饮料 升级版,食品饮料,饮料,19.12,2022-02-05,在售
P0316,茶饮料 豪华版,食品饮料,饮料,30.28,2023-08-04,在售
P0317,茶饮料 青春版,食品饮料,饮料,18.68,2023-03-31,在售
P0318,茶饮料 Pro版,食品饮料,饮料,65.34,2023-10-28,在售
P0319,茶饮料 Plus版,食品饮料,饮料,78.42,2023-06-15,在售
P0320,茶饮料 迷你版,食品饮料,饮料,54.8,2023-04-02,在售
P0321,茶饮料 大容量版,食品饮料,饮料,75.61,2022-07-24,在售
P0322,咖啡 标准版,食品饮料,饮料,62.37,2022-03-31,在售
P0323,咖啡 升级版,食品饮料,饮料,134.79,2023-12-28,在售
P0324,咖啡 豪华版,食品饮料,饮料,73.9,2023-12-30,在售
P0325,大米 标准版,食品饮料,粮油调味,82.54,2022-05-05,下架
P0326,大米 升级版,食品饮料,粮油调味,75.11,2023-01-05,在售
P0327,大米 豪华版,食品饮料,粮油调味,49.32,2023-09-19,缺货
P0328,大米 青春版,食品饮料,粮油调味,9.26,2023-05-06,在售
P0329,大米 Pro版,食品饮料,粮油调味,100.28,2022-11-21,在售
P0330,大米 Plus版,食品饮料,粮油调味,56.02,2023-07-19,在售
P0331,大米 迷你版,食品饮料,粮油调味,27.93,2022-02-26,在售
P0332,大米 大容量版,食品饮料,粮油调味,52.09,2023-12-28,在售
P0333,食用油 标准版,食品饮料,粮油调味,117.36,2023-10-13,下架
P0334,食用油 升级版,食品饮料,粮油调味,34.38,2022-04-06,在售
P0335,食用油 豪华版,食品饮料,粮油调味,25.86,2023-11-06,在售
P0336,食用油 青春版,食品饮料,粮油调味,90.68,2022-02-12,在售
P0337,食用油 Pro版,食品饮料,粮油调味,4.36,2023-08-14,在售
P0338,食用油 Plus版,食品饮料,粮油调味,26.36,2022-02-01,在售
P0339,食用油 迷你版,食品饮料,粮油调味,61.98,2023-05-10,在售
P0340,酱油 标准版,食品饮料,粮油调味,45.13,2022-06-11,在售
P0341,酱油 升级版,食品饮料,粮油调味,45.86,2022-11-17,缺货
P0342,酱油 豪华版,食品饮料,粮油调味,46.84,2023-02-13,在售
P0343,酱油 青春版,食品饮料,粮油调味,43.92,2023-04-23,在售
P0344,酱油 Pro版,食品饮料,粮油调味,40.99,2023-01-29,缺货
P0345,酱油 Plus版,食品饮料,粮油调味,59.61,2022-12-02,缺货
P0346,酱油 迷你版,食品饮料,粮油调味,66.54,2023-06-12,在售
P0347,酱油 大容量版,食品饮料,粮油调味,96.89,2023-02-07,在售
P0348,醋 标准版,食品饮料,粮油调味,23.75,2023-05-22,在售
P0349,醋 升级版,食品饮料,粮油调味,101.91,2022-01-09,在售
P0350,醋 豪华版,食品饮料,粮油调味,59.18,2023-02-17,在售
P0351,醋 青春版,食品饮料,粮油调味,47.46,2023-07-21,在售
P0352,盐 标准版,食品饮料,粮油调味,65.03,2023-10-01,在售
P0353,盐 升级版,食品饮料,粮油调味,19.51,2022-12-14,在售
P0354,盐 豪华版,食品饮料,粮油调味,33.82,2023-02-16,在售
P0355,盐 青春版,食品饮料,粮油调味,6.1,2023-05-01,在售
P0356,盐 Pro版,食品饮料,粮油调味,22.74,2023-09-20,在售
P0357,盐 Plus版,食品饮料,粮油调味,47.75,2023-08-31,在售
P0358,T恤 标准版,服装鞋帽,男装,494.91,2022-01-18,在售
P0359,T恤 升级版,服装鞋帽,男装,705.93,2023-12-06,在售
P0360,T恤 豪华版,服装鞋帽,男装,433.34,2023-08-16,在售
P0361,T恤 青春版,服装鞋帽,男装,625.47,2023-10-07,在售
P0362,T恤 Pro版,服装鞋帽,男装,599.6,2022-09-06,在售
P0363,T恤 Plus版,服装鞋帽,男装,616.26,2022-11-18,在售
P0364,T恤 迷你版,服装鞋帽,男装,291.08,2023-09-19,缺货
P0365,衬衫 标准版,服装鞋帽,男装,670.8,2023-07-29,在售
P0366,衬衫 升级版,服装鞋帽,男装,557.7,2022-06-27,在售
P0367,衬衫 豪华版,服装鞋帽,男装,456.2,2023-11-29,在售
P0368,衬衫 青春版,服装鞋帽,男装,609.9,2022-09-10,在售
P0369,衬衫 Pro版,服装鞋帽,男装,315.14,2022-10-23,在售
P0370,衬衫 Plus版,服装鞋帽,男装,569.42,2023-07-28,缺货
P0371,衬衫 迷你版,服装鞋帽,男装,577.09,2023-11-24,在售
P0372,衬衫 大容量版,服装鞋帽,男装,697.57,2022-05-30,在售
P0373,裤子 标准版,服装鞋帽,男装,607.54,2023-11-03,在售
P0374,裤子 升级版,服装鞋帽,男装,335.81,2023-07-30,在售
P0375,裤子 豪华版,服装鞋帽,男装,130.48,2022-09-06,在售
P0376,裤子 青春版,服装鞋帽,男装,635.92,2022-04-13,在售
P0377,裤子 Pro版,服装鞋帽,男装,465.3,2022-01-06,下架
P0378,外套 标准版,服装鞋帽,男装,423.43,2023-05-04,在售
P0379,外套 升级版,服装鞋帽,男装,553.63,2022-03-02,缺货
P0380,外套 豪华版,服装鞋帽,男装,87.21,2022-02-08,缺货
P0381,外套 青春版,服装鞋帽,男装,185.51,2022-02-07,下架
P0382,羽绒服 标准版,服装鞋帽,男装,540.77,2022-10-24,缺货
P0383,羽绒服 升级版,服装鞋帽,男装,19.23,2022-12-10,在售
P0384,羽绒服 豪华版,服装鞋帽,男装,835.4,2022-05-18,缺货
P0385,羽绒服 青春版,服装鞋帽,男装,326.29,2022-06-16,在售
P0386,羽绒服 Pro版,服装鞋帽,男装,602.94,2022-12-12,在售
P0387,羽绒服 Plus版,服装鞋帽,男装,539.58,2023-10-17,缺货
P0388,连衣裙 标准版,服装鞋帽,女装,333.41,2022-07-09,下架
P0389,连衣裙 升级版,服装鞋帽,女装,494.65,2023-01-28,在售
P0390,连衣裙 豪华版,服装鞋帽,女装,779.23,2023-08-10,在售
P0391,连衣裙 青春版,服装鞋帽,女装,600.2,2022-05-02,在售
P0392,连衣裙 Pro版,服装鞋帽,女装,155.32,2023-12-22,在售
P0393,连衣裙 Plus版,服装鞋帽,女装,616.24,2023-01-12,在售
P0394,T恤 标准版,服装鞋帽,女装,780.89,2023-09-13,在售
P0395,T恤 升级版,服装鞋帽,女装,713.51,2023-11-12,在售
P0396,T恤 豪华版,服装鞋帽,女装,693.24,2022-03-25,在售
P0397,T恤 青春版,服装鞋帽,女装,407.69,2022-04-25,在售
P0398,半身裙 标准版,服装鞋帽,女装,624.76,2022-06-18,在售
P0399,半身裙 升级版,服装鞋帽,女装,343.59,2023-08-21,在售
P0400,半身裙 豪华版,服装鞋帽,女装,720.61,2022-05-16,在售
P0401,半身裙 青春版,服装鞋帽,女装,290.48,2022-11-12,在售
P0402,半身裙 Pro版,服装鞋帽,女装,390.83,2023-08-16,在售
P0403,半身裙 Plus版,服装鞋帽,女装,394.79,2022-03-03,缺货
P0404,半身裙 迷你版,服装鞋帽,女装,83.08,2023-02-23,在售
P0405,外套 标准版,服装鞋帽,女装,799.9,2023-03-07,在售
P0406,外套 升级版,服装鞋帽,女装,715.87,2023-01-22,在售
P0407,外套 豪华版,服装鞋帽,女装,616.76,2023-11-01,缺货
P0408,外套 青春版,服装鞋帽,女装,136.48,2022-05-11,在售
P0409,大衣 标准版,服装鞋帽,女装,787.04,2023-04-20,在售
P0410,大衣 升级版,服装鞋帽,女装,462.09,2022-09-11,在售
P0411,大衣 豪华版,服装鞋帽,女装,113.94,2022-04-26,在售
P0412,大衣 青春版,服装鞋帽,女装,582.78,2022-01-17,在售
P0413,儿童T恤 标准版,服装鞋帽,童装,69.44,2023-12-22,缺货
P0414,儿童T恤 升级版,服装鞋帽,童装,157.95,2023-07-07,在售
P0415,儿童T恤 豪华版,服装鞋帽,童装,541.31,2022-10-24,在售
P0416,儿童裤子 标准版,服装鞋帽,童装,500.24,2022-11-25,在售
P0417,儿童裤子 升级版,服装鞋帽,童装,916.15,2023-02-28,在售
P0418,儿童裤子 豪华版,服装鞋帽,童装,75.45,2022-06-29,在售
P0419,儿童裤子 青春版,服装鞋帽,童装,357.88,2023-10-21,在售
P0420,儿童裤子 Pro版,服装鞋帽,童装,586.31,2022-06-02,在售
P0421,儿童裤子 Plus版,服装鞋帽,童装,164.0,2022-08-19,在售
P0422,儿童裤子 迷你版,服装鞋帽,童装,684.87,2023-07-30,在售
P0423,儿童裤子 大容量版,服装鞋帽,童装,355.76,2022-09-19,在售
P0424,儿童外套 标准版,服装鞋帽,童装,73.3,2023-07-03,在售
P0425,儿童外套 升级版,服装鞋帽,童装,145.08,2023-09-10,在售
P0426,儿童外套 豪华版,服装鞋帽,童装,81.92,2023-11-19,在售
P0427,儿童外套 青春版,服装鞋帽,童装,482.09,2022-01-16,在售
P0428,儿童外套 Pro版,服装鞋帽,童装,187.5,2023-05-06,缺货
P0429,儿童外套 Plus版,服装鞋帽,童装,641.4,2022-09-03,在售
P0430,儿童外套 迷你版,服装鞋帽,童装,600.46,2023-01-03,在售
P0431,儿童外套 大容量版,服装鞋帽,童装,367.18,2023-04-26,在售
P0432,儿童鞋 标准版,服装鞋帽,童装,702.0,2023-07-31,缺货
P0433,儿童鞋 升级版,服装鞋帽,童装,452.26,2023-08-22,在售
P0434,儿童鞋 豪华版,服装鞋帽,童装,284.38,2023-01-24,在售
P0435,儿童鞋 青春版,服装鞋帽,童装,216.85,2022-12-12,在售
P0436,儿童鞋 Pro版,服装鞋帽,童装,852.75,2023-05-18,在售
P0437,运动鞋 标准版,服装鞋帽,鞋,539.39,2023-05-16,在售
P0438,运动鞋 升级版,服装鞋帽,鞋,931.5,2023-06-21,在售
P0439,运动鞋 豪华版,服装鞋帽,鞋,870.24,2022-01-07,在售
P0440,运动鞋 青春版,服装鞋帽,鞋,594.75,2022-01-10,在售
P0441,运动鞋 Pro版,服装鞋帽,鞋,290.56,2023-09-24,缺货
P0442,运动鞋 Plus版,服装鞋帽,鞋,403.0,2023-02-26,在售
P0443,运动鞋 迷你版,服装鞋帽,鞋,387.64,2022-01-18,在售
P0444,运动鞋 大容量版,服装鞋帽,鞋,557.13,2022-07-03,在售
P0445,皮鞋 标准版,服装鞋帽,鞋,375.99,2022-09-16,在售
P0446,皮鞋 升级版,服装鞋帽,鞋,215.75,2023-02-20,在售
P0447,皮鞋 豪华版,服装鞋帽,鞋,231.45,2022-03-24,在售
P0448,凉鞋 标准版,服装鞋帽,鞋,489.77,2023-07-20,在售
P0449,凉鞋 升级版,服装鞋帽,鞋,587.88,2023-03-21,在售
P0450,凉鞋 豪华版,服装鞋帽,鞋,353.73,2023-06-25,缺货
P0451,凉鞋 青春版,服装鞋帽,鞋,241.37,2023-08-04,在售
P0452,凉鞋 Pro版,服装鞋帽,鞋,37.55,2023-07-11,在售
P0453,凉鞋 Plus版,服装鞋帽,鞋,46.62,2022-08-01,在售
P0454,凉鞋 迷你版,服装鞋帽,鞋,695.66,2022-03-20,在售
P0455,凉鞋 大容量版,服装鞋帽,鞋,487.16,2023-11-25,缺货
P0456,拖鞋 标准版,服装鞋帽,鞋,365.75,2023-12-07,在售
P0457,拖鞋 升级版,服装鞋帽,鞋,526.96,2023-03-24,在售
P0458,拖鞋 豪华版,服装鞋帽,鞋,77.06,2023-09-02,在售
P0459,拖鞋 青春版,服装鞋帽,鞋,476.3,2023-04-07,在售
P0460,拖鞋 Pro版,服装鞋帽,鞋,372.97,2023-11-28,在售
P0461,靴子 标准版,服装鞋帽,鞋,85.98,2024-01-01,在售
P0462,靴子 升级版,服装鞋帽,鞋,214.13,2022-06-07,在售
P0463,靴子 豪华版,服装鞋帽,鞋,211.09,2022-11-12,在售
P0464,靴子 青春版,服装鞋帽,鞋,493.89,2023-03-18,在售
P0465,靴子 Pro版,服装鞋帽,鞋,439.36,2022-12-29,在售
P0466,靴子 Plus版,服装鞋帽,鞋,573.99,2022-01-13,在售
P0467,哑铃 标准版,运动户外,健身器材,966.29,2022-09-06,在售
P0468,哑铃 升级版,运动户外,健身器材,187.22,2022-11-05,在售
P0469,哑铃 豪华版,运动户外,健身器材,142.92,2022-11-03,在售
P0470,哑铃 青春版,运动户外,健身器材,86.32,2023-10-03,在售
P0471,哑铃 Pro版,运动户外,健身器材,668.92,2022-01-07,缺货
P0472,哑铃 Plus版,运动户外,健身器材,401.14,2022-12-04,在售
P0473,跑步机 标准版,运动户外,健身器材,1076.57,2022-05-20,在售
P0474,跑步机 升级版,运动户外,健身器材,741.46,2022-07-01,下架
P0475,跑步机 豪华版,运动户外,健身器材,944.84,2023-05-18,下架
P0476,跑步机 青春版,运动户外,健身器材,781.74,2023-02-07,在售
P0477,跑步机 Pro版,运动户外,健身器材,858.33,2022-07-04,在售
P0478,跑步机 Plus版,运动户外,健身器材,763.89,2023-12-27,在售
P0479,动感单车 标准版,运动户外,健身器材,701.65,2023-02-23,在售
P0480,动感单车 升级版,运动户外,健身器材,149.31,2022-06-07,在售
P0481,动感单车 豪华版,运动户外,健身器材,668.95,2023-05-06,在售
P0482,动感单车 青春版,运动户外,健身器材,733.04,2023-03-05,在售
P0483,动感单车 Pro版,运动户外,健身器材,806.34,2023-07-04,在售
P0484,瑜伽垫 标准版,运动户外,健身器材,116.46,2022-06-20,在售
P0485,瑜伽垫 升级版,运动户外,健身器材,81.51,2023-02-14,下架
P0486,瑜伽垫 豪华版,运动户外,健身器材,436.5,2022-04-11,在售
P0487,拉力器 标准版,运动户外,健身器材,851.83,2022-08-15,在售
P0488,拉力器 升级版,运动户外,健身器材,505.7,2023-05-28,在售
P0489,拉力器 豪华版,运动户外,健身器材,1087.2,2022-03-29,在售
P0490,拉力器 青春版,运动户外,健身器材,833.29,2023-04-12,在售
P0491,拉力器 Pro版,运动户外,健身器材,533.04,2023-12-15,在售
P0492,拉力器 Plus版,运动户外,健身器材,67.11,2022-01-24,在售
P0493,拉力器 迷你版,运动户外,健身器材,788.01,2022-09-07,在售
P0494,篮球 标准版,运动户外,球类,196.21,2022-08-26,在售
P0495,篮球 升级版,运动户外,球类,579.3,2023-02-10,在售
P0496,篮球 豪华版,运动户外,球类,569.31,2023-02-03,在售
P0497,篮球 青春版,运动户外,球类,219.1,2022-03-06,在售
P0498,篮球 Pro版,运动户外,球类,900.52,2022-07-21,在售
P0499,篮球 Plus版,运动户外,球类,360.25,2023-10-17,在售
P0500,篮球 迷你版,运动户外,球类,411.94,2022-12-27,在售
