task_id,project_id,task_name,status,priority,assignee,start_date,due_date,progress,estimated_hours,actual_hours
TASK0001001,PRJ0001,任务1: 测试验证,阻塞,高,dev_5037,2024-07-12,2024-01-17,80,48,155
TASK0001002,PRJ0001,任务2: 测试验证,已完成,低,dev_5039,2024-02-05,2024-11-22,5,73,126
TASK0001003,PRJ0001,任务3: 需求分析,阻塞,中,dev_5039,2024-06-16,2024-05-11,41,136,67
TASK0001004,PRJ0001,任务4: 文档编写,已完成,中,dev_5023,2024-08-27,2024-08-24,91,38,62
TASK0001005,PRJ0001,任务5: 文档编写,阻塞,高,dev_5023,2024-04-11,2024-05-10,21,127,128
TASK0001006,PRJ0001,任务6: 文档编写,取消,高,dev_5041,2024-03-30,2024-09-23,59,63,37
TASK0001007,PRJ0001,任务7: 设计评审,阻塞,中,dev_5028,2024-06-13,2024-05-11,96,144,74
TASK0001008,PRJ0001,任务8: 设计评审,阻塞,中,dev_5050,2024-10-31,2024-05-28,54,86,87
TASK0001009,PRJ0001,任务9: 文档编写,已完成,低,dev_5004,2024-04-06,2024-01-16,92,15,39
TASK0001010,PRJ0001,任务10: 文档编写,待开始,中,dev_5015,2024-07-15,2024-07-31,41,152,75
TASK0001011,PRJ0001,任务11: 开发实现,进行中,低,dev_5036,2024-03-29,2024-04-20,17,71,78
TASK0001012,PRJ0001,任务12: 开发实现,进行中,高,dev_5023,2024-07-17,2024-08-01,65,49,33
TASK0001013,PRJ0001,任务13: 部署上线,取消,低,dev_5049,2024-07-31,2024-07-05,98,131,94
TASK0001014,PRJ0001,任务14: 开发实现,取消,低,dev_5010,2024-12-06,2024-01-03,100,64,157
TASK0001015,PRJ0001,任务15: 部署上线,待开始,高,dev_5013,2024-04-29,2024-11-21,59,109,18
TASK0001016,PRJ0001,任务16: 部署上线,待开始,中,dev_5044,2024-08-21,2024-09-03,1,33,79
TASK0001017,PRJ0001,任务17: 需求分析,待开始,高,dev_5023,2024-09-27,2024-02-25,81,105,39
TASK0002001,PRJ0002,任务1: 需求分析,已完成,高,dev_5040,2024-05-19,2024-03-23,70,26,28
TASK0002002,PRJ0002,任务2: 开发实现,取消,中,dev_5047,2024-07-26,2024-06-21,4,155,16
TASK0002003,PRJ0002,任务3: 测试验证,进行中,低,dev_5029,2024-11-22,2024-07-05,2,102,112
TASK0002004,PRJ0002,任务4: 文档编写,取消,高,dev_5008,2024-07-08,2024-02-02,4,150,23
TASK0002005,PRJ0002,任务5: 需求分析,待开始,低,dev_5038,2024-05-15,2024-05-30,28,11,9
TASK0002006,PRJ0002,任务6: 设计评审,阻塞,中,dev_5015,2024-03-11,2024-01-08,86,104,85
TASK0002007,PRJ0002,任务7: 测试验证,取消,中,dev_5010,2024-08-16,2024-11-25,52,56,141
TASK0002008,PRJ0002,任务8: 需求分析,取消,高,dev_5025,2024-04-11,2024-03-25,50,121,106
TASK0002009,PRJ0002,任务9: 文档编写,进行中,低,dev_5042,2024-02-21,2024-02-14,39,71,20
TASK0002010,PRJ0002,任务10: 文档编写,待开始,中,dev_5022,2024-04-27,2024-11-01,64,129,20
TASK0002011,PRJ0002,任务11: 开发实现,待开始,中,dev_5012,2024-08-09,2024-05-29,17,159,56
TASK0003001,PRJ0003,任务1: 测试验证,已完成,低,dev_5025,2024-02-27,2024-05-24,25,137,51
TASK0003002,PRJ0003,任务2: 文档编写,取消,低,dev_5005,2024-07-30,2024-09-11,38,42,138
TASK0003003,PRJ0003,任务3: 文档编写,取消,中,dev_5020,2024-01-27,2024-07-01,68,80,121
TASK0003004,PRJ0003,任务4: 开发实现,进行中,低,dev_5038,2024-05-29,2024-09-07,43,42,130
TASK0003005,PRJ0003,任务5: 部署上线,阻塞,高,dev_5042,2024-06-05,2024-06-19,77,125,144
TASK0004001,PRJ0004,任务1: 部署上线,取消,高,dev_5012,2024-05-27,2024-06-23,44,83,6
TASK0004002,PRJ0004,任务2: 文档编写,已完成,高,dev_5008,2024-01-11,2024-01-05,14,84,151
TASK0004003,PRJ0004,任务3: 部署上线,阻塞,高,dev_5008,2024-08-30,2024-08-16,67,90,71
TASK0004004,PRJ0004,任务4: 开发实现,进行中,低,dev_5048,2024-11-28,2024-01-17,92,96,112
TASK0004005,PRJ0004,任务5: 文档编写,取消,低,dev_5025,2024-07-15,2024-03-06,95,118,152
TASK0004006,PRJ0004,任务6: 设计评审,进行中,高,dev_5037,2024-06-22,2024-05-03,93,10,8
TASK0004007,PRJ0004,任务7: 文档编写,进行中,低,dev_5023,2024-06-28,2024-04-10,76,93,46
TASK0004008,PRJ0004,任务8: 文档编写,已完成,中,dev_5045,2024-04-15,2024-08-20,62,63,27
TASK0004009,PRJ0004,任务9: 设计评审,已完成,高,dev_5020,2024-07-04,2024-09-28,92,133,8
TASK0004010,PRJ0004,任务10: 需求分析,进行中,高,dev_5048,2024-02-29,2024-02-02,56,97,31
TASK0004011,PRJ0004,任务11: 测试验证,进行中,低,dev_5014,2024-07-05,2024-10-12,25,113,36
TASK0004012,PRJ0004,任务12: 开发实现,取消,低,dev_5012,2024-03-04,2024-06-21,11,94,109
TASK0004013,PRJ0004,任务13: 部署上线,已完成,中,dev_5015,2024-10-10,2024-09-10,70,129,17
TASK0004014,PRJ0004,任务14: 测试验证,待开始,高,dev_5021,2024-12-16,2024-11-07,27,97,131
TASK0004015,PRJ0004,任务15: 文档编写,取消,高,dev_5004,2024-06-28,2024-05-22,68,52,84
TASK0004016,PRJ0004,任务16: 测试验证,进行中,低,dev_5031,2024-04-19,2024-11-08,54,79,50
TASK0004017,PRJ0004,任务17: 文档编写,进行中,高,dev_5028,2024-02-12,2024-03-19,0,44,140
TASK0004018,PRJ0004,任务18: 测试验证,取消,低,dev_5047,2024-12-26,2024-08-31,71,83,39
TASK0004019,PRJ0004,任务19: 文档编写,阻塞,中,dev_5022,2024-02-22,2024-06-10,28,109,112
TASK0004020,PRJ0004,任务20: 设计评审,待开始,低,dev_5038,2024-08-13,2024-06-30,4,106,96
TASK0004021,PRJ0004,任务21: 部署上线,取消,高,dev_5044,2024-11-24,2024-03-06,93,147,80
TASK0004022,PRJ0004,任务22: 文档编写,阻塞,低,dev_5022,2024-10-16,2024-05-20,37,28,107
TASK0005001,PRJ0005,任务1: 部署上线,进行中,高,dev_5007,2024-02-12,2024-02-14,40,105,138
TASK0005002,PRJ0005,任务2: 开发实现,已完成,高,dev_5011,2024-07-17,2024-03-05,12,140,10
TASK0005003,PRJ0005,任务3: 测试验证,待开始,低,dev_5016,2024-07-28,2024-05-07,21,67,94
TASK0005004,PRJ0005,任务4: 文档编写,待开始,低,dev_5021,2024-03-28,2024-03-15,76,30,109
TASK0005005,PRJ0005,任务5: 开发实现,阻塞,高,dev_5013,2024-12-21,2024-02-01,56,69,158
TASK0005006,PRJ0005,任务6: 部署上线,阻塞,高,dev_5042,2024-12-09,2024-05-28,65,82,82
TASK0005007,PRJ0005,任务7: 开发实现,已完成,高,dev_5002,2024-01-03,2024-08-25,82,82,86
TASK0005008,PRJ0005,任务8: 文档编写,阻塞,低,dev_5032,2024-08-28,2024-05-28,15,83,107
TASK0005009,PRJ0005,任务9: 文档编写,已完成,高,dev_5033,2024-04-17,2024-02-19,51,70,51
TASK0005010,PRJ0005,任务10: 设计评审,已完成,高,dev_5016,2024-12-27,2024-08-09,25,18,85
TASK0005011,PRJ0005,任务11: 测试验证,已完成,中,dev_5045,2024-09-15,2024-07-13,51,22,116
TASK0005012,PRJ0005,任务12: 需求分析,进行中,中,dev_5002,2024-08-21,2024-07-14,54,117,11
TASK0005013,PRJ0005,任务13: 测试验证,取消,低,dev_5044,2024-07-01,2024-01-10,65,100,37
TASK0005014,PRJ0005,任务14: 测试验证,待开始,高,dev_5027,2024-09-19,2024-11-11,52,103,88
TASK0006001,PRJ0006,任务1: 设计评审,进行中,中,dev_5049,2024-05-10,2024-09-11,34,35,66
TASK0006002,PRJ0006,任务2: 需求分析,进行中,低,dev_5018,2024-01-08,2024-12-11,96,74,50
TASK0006003,PRJ0006,任务3: 部署上线,阻塞,低,dev_5019,2024-09-20,2024-04-17,40,157,99
TASK0006004,PRJ0006,任务4: 需求分析,待开始,高,dev_5005,2024-10-09,2024-12-03,87,47,1
TASK0006005,PRJ0006,任务5: 部署上线,阻塞,高,dev_5025,2024-11-19,2024-04-20,67,149,31
TASK0006006,PRJ0006,任务6: 部署上线,进行中,低,dev_5044,2024-10-24,2024-11-19,82,45,122
TASK0006007,PRJ0006,任务7: 需求分析,取消,高,dev_5033,2024-10-30,2024-10-21,28,151,27
TASK0006008,PRJ0006,任务8: 部署上线,取消,中,dev_5039,2024-03-06,2024-02-19,52,93,0
TASK0006009,PRJ0006,任务9: 需求分析,取消,高,dev_5030,2024-07-04,2024-08-21,53,10,26
TASK0006010,PRJ0006,任务10: 部署上线,待开始,低,dev_5028,2024-12-30,2024-08-13,87,89,32
TASK0006011,PRJ0006,任务11: 设计评审,阻塞,高,dev_5020,2024-11-01,2024-02-14,42,40,132
TASK0006012,PRJ0006,任务12: 部署上线,进行中,高,dev_5033,2024-02-24,2024-07-25,55,94,20
TASK0006013,PRJ0006,任务13: 测试验证,阻塞,高,dev_5005,2024-04-15,2024-02-12,78,125,74
TASK0006014,PRJ0006,任务14: 部署上线,进行中,高,dev_5016,2024-06-15,2024-03-11,91,133,109
TASK0006015,PRJ0006,任务15: 设计评审,已完成,中,dev_5040,2024-05-06,2024-09-08,54,102,16
TASK0006016,PRJ0006,任务16: 需求分析,取消,高,dev_5021,2024-08-11,2024-08-05,80,94,28
TASK0006017,PRJ0006,任务17: 测试验证,进行中,低,dev_5008,2024-08-21,2024-03-27,60,32,84
TASK0006018,PRJ0006,任务18: 开发实现,取消,低,dev_5013,2024-07-30,2024-03-29,68,31,49
TASK0006019,PRJ0006,任务19: 开发实现,待开始,高,dev_5022,2024-01-13,2024-04-06,25,80,102
TASK0006020,PRJ0006,任务20: 需求分析,阻塞,中,dev_5038,2024-07-31,2024-11-20,64,120,83
TASK0006021,PRJ0006,任务21: 测试验证,已完成,低,dev_5048,2024-05-31,2024-08-07,89,88,77
TASK0006022,PRJ0006,任务22: 文档编写,已完成,低,dev_5010,2024-02-28,2024-09-20,62,63,157
TASK0006023,PRJ0006,任务23: 部署上线,进行中,高,dev_5049,2024-03-06,2024-06-17,41,138,139
TASK0006024,PRJ0006,任务24: 测试验证,阻塞,中,dev_5003,2024-06-28,2024-01-30,27,24,87
TASK0006025,PRJ0006,任务25: 需求分析,进行中,中,dev_5049,2024-12-06,2024-07-13,47,21,139
TASK0006026,PRJ0006,任务26: 文档编写,阻塞,中,dev_5045,2024-08-02,2024-11-13,72,117,56
TASK0006027,PRJ0006,任务27: 部署上线,阻塞,中,dev_5019,2024-09-02,2024-09-08,10,66,78
TASK0006028,PRJ0006,任务28: 需求分析,进行中,中,dev_5048,2024-05-02,2024-11-24,66,71,67
TASK0007001,PRJ0007,任务1: 需求分析,阻塞,中,dev_5050,2024-08-22,2024-03-10,78,122,107
TASK0007002,PRJ0007,任务2: 测试验证,已完成,中,dev_5049,2024-03-21,2024-12-31,98,18,107
TASK0007003,PRJ0007,任务3: 测试验证,待开始,高,dev_5039,2024-04-29,2024-04-19,48,120,124
TASK0007004,PRJ0007,任务4: 测试验证,已完成,中,dev_5007,2024-01-18,2024-12-16,71,72,51
TASK0007005,PRJ0007,任务5: 部署上线,阻塞,高,dev_5048,2024-02-27,2024-09-23,23,22,3
TASK0007006,PRJ0007,任务6: 设计评审,已完成,高,dev_5040,2024-05-05,2024-06-20,94,138,46
TASK0007007,PRJ0007,任务7: 测试验证,待开始,中,dev_5013,2024-12-17,2024-03-10,6,62,20
TASK0008001,PRJ0008,任务1: 需求分析,阻塞,中,dev_5026,2024-05-24,2024-08-11,89,100,24
TASK0008002,PRJ0008,任务2: 部署上线,已完成,中,dev_5033,2024-09-17,2024-09-12,91,127,134
TASK0008003,PRJ0008,任务3: 部署上线,取消,中,dev_5023,2024-09-13,2024-11-16,90,133,158
TASK0008004,PRJ0008,任务4: 文档编写,已完成,中,dev_5045,2024-10-24,2024-09-01,10,33,74
TASK0008005,PRJ0008,任务5: 部署上线,待开始,中,dev_5039,2024-05-30,2024-08-01,8,21,96
TASK0008006,PRJ0008,任务6: 部署上线,进行中,高,dev_5041,2024-10-19,2024-06-30,12,13,137
TASK0008007,PRJ0008,任务7: 文档编写,进行中,高,dev_5049,2024-09-09,2024-12-09,66,109,100
TASK0008008,PRJ0008,任务8: 部署上线,阻塞,低,dev_5043,2024-11-06,2024-10-19,67,85,37
TASK0008009,PRJ0008,任务9: 需求分析,待开始,高,dev_5012,2024-07-16,2024-06-18,7,66,12
TASK0008010,PRJ0008,任务10: 开发实现,进行中,中,dev_5007,2024-02-19,2024-05-19,96,51,10
TASK0008011,PRJ0008,任务11: 文档编写,阻塞,中,dev_5024,2024-02-18,2024-04-24,27,94,45
TASK0008012,PRJ0008,任务12: 部署上线,已完成,低,dev_5024,2024-08-31,2024-08-11,6,71,145
TASK0008013,PRJ0008,任务13: 测试验证,待开始,高,dev_5035,2024-05-18,2024-11-19,87,153,42
TASK0008014,PRJ0008,任务14: 文档编写,取消,中,dev_5004,2024-06-03,2024-06-11,26,141,108
TASK0008015,PRJ0008,任务15: 部署上线,阻塞,中,dev_5005,2024-03-14,2024-12-21,96,153,114
TASK0008016,PRJ0008,任务16: 测试验证,阻塞,中,dev_5010,2024-02-28,2024-11-21,25,93,76
TASK0008017,PRJ0008,任务17: 文档编写,已完成,中,dev_5049,2024-02-04,2024-05-23,92,66,30
TASK0008018,PRJ0008,任务18: 开发实现,进行中,低,dev_5033,2024-11-16,2024-04-07,87,85,142
TASK0008019,PRJ0008,任务19: 文档编写,取消,低,dev_5046,2024-07-04,2024-05-05,8,53,12
TASK0008020,PRJ0008,任务20: 需求分析,取消,中,dev_5037,2024-01-22,2024-06-08,6,15,44
TASK0008021,PRJ0008,任务21: 开发实现,待开始,低,dev_5029,2024-01-17,2024-04-20,51,72,46
TASK0008022,PRJ0008,任务22: 设计评审,阻塞,低,dev_5016,2024-04-21,2024-02-09,26,84,38
TASK0008023,PRJ0008,任务23: 开发实现,待开始,中,dev_5041,2024-08-13,2024-03-04,65,154,123
TASK0008024,PRJ0008,任务24: 测试验证,进行中,高,dev_5049,2024-09-02,2024-08-28,77,83,36
TASK0008025,PRJ0008,任务25: 文档编写,取消,高,dev_5007,2024-01-18,2024-02-23,63,42,126
TASK0008026,PRJ0008,任务26: 开发实现,取消,高,dev_5006,2024-12-28,2024-06-23,11,130,86
TASK0009001,PRJ0009,任务1: 文档编写,阻塞,低,dev_5037,2024-08-03,2024-04-30,10,65,36
TASK0009002,PRJ0009,任务2: 开发实现,待开始,低,dev_5047,2024-05-20,2024-10-27,49,28,159
TASK0009003,PRJ0009,任务3: 测试验证,已完成,高,dev_5040,2024-07-21,2024-07-19,21,131,23
TASK0009004,PRJ0009,任务4: 开发实现,已完成,中,dev_5004,2024-08-05,2024-06-11,88,144,110
TASK0009005,PRJ0009,任务5: 部署上线,阻塞,高,dev_5050,2024-04-19,2024-08-14,65,103,114
TASK0010001,PRJ0010,任务1: 需求分析,阻塞,高,dev_5012,2024-02-03,2024-10-21,75,154,49
TASK0010002,PRJ0010,任务2: 文档编写,取消,高,dev_5032,2024-07-13,2024-09-01,0,133,2
TASK0010003,PRJ0010,任务3: 需求分析,进行中,高,dev_5042,2024-08-12,2024-10-22,54,49,70
TASK0010004,PRJ0010,任务4: 开发实现,已完成,高,dev_5029,2024-09-15,2024-05-28,25,8,2
TASK0010005,PRJ0010,任务5: 设计评审,取消,低,dev_5032,2024-09-13,2024-11-22,96,18,107
TASK0010006,PRJ0010,任务6: 开发实现,阻塞,中,dev_5037,2024-06-06,2024-11-01,11,146,106
TASK0010007,PRJ0010,任务7: 部署上线,已完成,低,dev_5042,2024-09-18,2024-09-06,89,77,154
TASK0010008,PRJ0010,任务8: 文档编写,进行中,低,dev_5012,2024-01-04,2024-04-17,92,156,36
TASK0010009,PRJ0010,任务9: 设计评审,阻塞,低,dev_5026,2024-09-13,2024-08-29,3,60,120
TASK0010010,PRJ0010,任务10: 开发实现,已完成,低,dev_5032,2024-09-29,2024-07-07,100,81,83
TASK0010011,PRJ0010,任务11: 测试验证,阻塞,中,dev_5014,2024-01-03,2024-10-23,18,74,107
TASK0010012,PRJ0010,任务12: 开发实现,进行中,高,dev_5033,2024-02-27,2024-04-23,16,46,44
TASK0010013,PRJ0010,任务13: 开发实现,阻塞,中,dev_5002,2024-05-12,2024-02-08,17,49,107
TASK0010014,PRJ0010,任务14: 测试验证,已完成,高,dev_5045,2024-07-10,2024-01-02,73,79,80
TASK0010015,PRJ0010,任务15: 开发实现,阻塞,高,dev_5007,2024-05-26,2024-10-18,19,116,108
TASK0010016,PRJ0010,任务16: 设计评审,进行中,低,dev_5017,2024-09-08,2024-08-12,54,8,51
TASK0010017,PRJ0010,任务17: 部署上线,进行中,低,dev_5033,2024-01-31,2024-09-03,8,23,12
TASK0010018,PRJ0010,任务18: 设计评审,已完成,中,dev_5034,2024-09-27,2024-12-12,97,117,69
TASK0010019,PRJ0010,任务19: 需求分析,阻塞,低,dev_5038,2024-05-02,2024-11-02,77,107,156
TASK0011001,PRJ0011,任务1: 部署上线,进行中,低,dev_5049,2024-11-23,2024-04-24,96,59,62
TASK0011002,PRJ0011,任务2: 部署上线,进行中,低,dev_5013,2024-09-26,2024-08-16,54,149,131
TASK0011003,PRJ0011,任务3: 设计评审,取消,低,dev_5026,2024-09-24,2024-10-24,67,46,88
TASK0011004,PRJ0011,任务4: 部署上线,待开始,中,dev_5014,2024-10-12,2024-08-10,68,34,96
TASK0011005,PRJ0011,任务5: 开发实现,进行中,低,dev_5010,2024-05-07,2024-06-19,4,133,154
TASK0011006,PRJ0011,任务6: 文档编写,取消,高,dev_5031,2024-10-05,2024-09-08,29,100,34
TASK0011007,PRJ0011,任务7: 需求分析,取消,低,dev_5034,2024-01-13,2024-07-11,66,73,152
TASK0011008,PRJ0011,任务8: 测试验证,待开始,低,dev_5013,2024-04-16,2024-05-28,22,160,157
TASK0011009,PRJ0011,任务9: 文档编写,已完成,高,dev_5035,2024-07-21,2024-08-25,19,47,104
TASK0011010,PRJ0011,任务10: 文档编写,阻塞,高,dev_5035,2024-02-15,2024-01-29,57,111,112
TASK0011011,PRJ0011,任务11: 测试验证,阻塞,低,dev_5027,2024-08-14,2024-12-09,91,66,154
TASK0011012,PRJ0011,任务12: 测试验证,待开始,低,dev_5005,2024-11-07,2024-01-24,45,155,112
TASK0011013,PRJ0011,任务13: 开发实现,阻塞,低,dev_5037,2024-10-18,2024-04-26,27,16,92
TASK0011014,PRJ0011,任务14: 设计评审,阻塞,中,dev_5003,2024-12-08,2024-08-05,20,73,35
TASK0011015,PRJ0011,任务15: 测试验证,待开始,高,dev_5046,2024-04-30,2024-05-03,19,79,142
TASK0011016,PRJ0011,任务16: 文档编写,阻塞,中,dev_5013,2024-07-18,2024-06-28,13,143,137
TASK0011017,PRJ0011,任务17: 开发实现,取消,高,dev_5040,2024-10-01,2024-07-28,96,108,20
TASK0011018,PRJ0011,任务18: 设计评审,进行中,低,dev_5020,2024-01-11,2024-07-23,30,101,120
TASK0011019,PRJ0011,任务19: 设计评审,已完成,中,dev_5026,2024-04-14,2024-11-02,70,97,121
TASK0011020,PRJ0011,任务20: 设计评审,阻塞,低,dev_5045,2024-09-24,2024-06-14,4,10,119
TASK0012001,PRJ0012,任务1: 部署上线,已完成,高,dev_5033,2024-11-27,2024-12-30,88,98,134
TASK0012002,PRJ0012,任务2: 需求分析,待开始,低,dev_5040,2024-10-28,2024-09-18,54,119,145
TASK0012003,PRJ0012,任务3: 设计评审,已完成,低,dev_5021,2024-12-19,2024-01-09,41,24,68
TASK0012004,PRJ0012,任务4: 部署上线,待开始,中,dev_5033,2024-08-27,2024-04-24,44,132,95
TASK0012005,PRJ0012,任务5: 开发实现,进行中,中,dev_5021,2024-04-30,2024-07-14,37,152,100
TASK0012006,PRJ0012,任务6: 需求分析,待开始,中,dev_5032,2024-10-20,2024-11-05,81,121,116
TASK0012007,PRJ0012,任务7: 设计评审,进行中,高,dev_5010,2024-12-23,2024-08-07,39,104,21
TASK0012008,PRJ0012,任务8: 开发实现,进行中,高,dev_5003,2024-01-06,2024-03-16,63,10,34
TASK0012009,PRJ0012,任务9: 测试验证,已完成,低,dev_5004,2024-08-31,2024-08-02,78,128,111
TASK0013001,PRJ0013,任务1: 部署上线,进行中,低,dev_5045,2024-01-20,2024-06-12,13,72,91
TASK0013002,PRJ0013,任务2: 设计评审,取消,中,dev_5042,2024-10-31,2024-12-12,1,37,111
TASK0013003,PRJ0013,任务3: 部署上线,待开始,高,dev_5049,2024-01-20,2024-09-11,43,9,13
TASK0013004,PRJ0013,任务4: 需求分析,阻塞,低,dev_5050,2024-11-12,2024-12-16,10,97,93
TASK0013005,PRJ0013,任务5: 部署上线,已完成,低,dev_5015,2024-10-26,2024-12-04,20,44,66
TASK0013006,PRJ0013,任务6: 开发实现,已完成,中,dev_5028,2024-06-22,2024-04-03,27,54,32
TASK0013007,PRJ0013,任务7: 需求分析,已完成,低,dev_5035,2024-11-10,2024-06-07,35,29,48
TASK0013008,PRJ0013,任务8: 部署上线,取消,低,dev_5024,2024-12-01,2024-02-13,57,110,144
TASK0013009,PRJ0013,任务9: 部署上线,进行中,高,dev_5004,2024-05-02,2024-10-09,10,89,111
TASK0013010,PRJ0013,任务10: 部署上线,已完成,低,dev_5003,2024-09-03,2024-01-07,44,119,153
TASK0013011,PRJ0013,任务11: 开发实现,待开始,高,dev_5028,2024-04-16,2024-07-29,14,24,35
TASK0013012,PRJ0013,任务12: 部署上线,阻塞,中,dev_5003,2024-12-26,2024-09-14,82,36,16
TASK0013013,PRJ0013,任务13: 测试验证,进行中,高,dev_5044,2024-07-11,2024-10-22,76,66,135
TASK0013014,PRJ0013,任务14: 设计评审,待开始,中,dev_5021,2024-03-08,2024-10-06,56,140,149
TASK0013015,PRJ0013,任务15: 部署上线,取消,低,dev_5026,2024-03-10,2024-09-15,73,68,1
TASK0013016,PRJ0013,任务16: 文档编写,进行中,低,dev_5019,2024-01-29,2024-07-03,18,27,128
TASK0013017,PRJ0013,任务17: 开发实现,待开始,中,dev_5025,2024-01-27,2024-10-13,24,35,146
TASK0013018,PRJ0013,任务18: 需求分析,进行中,低,dev_5027,2024-01-28,2024-05-14,89,147,90
TASK0013019,PRJ0013,任务19: 文档编写,取消,低,dev_5027,2024-06-15,2024-05-14,78,149,17
TASK0013020,PRJ0013,任务20: 部署上线,已完成,中,dev_5001,2024-10-31,2024-05-03,69,117,90
TASK0013021,PRJ0013,任务21: 开发实现,阻塞,高,dev_5040,2024-04-05,2024-09-12,82,21,95
TASK0013022,PRJ0013,任务22: 开发实现,取消,中,dev_5020,2024-09-28,2024-08-29,4,94,102
TASK0013023,PRJ0013,任务23: 测试验证,进行中,高,dev_5002,2024-01-25,2024-07-09,50,9,149
TASK0013024,PRJ0013,任务24: 文档编写,已完成,中,dev_5041,2024-07-19,2024-02-25,46,10,24
TASK0013025,PRJ0013,任务25: 设计评审,进行中,中,dev_5004,2024-08-01,2024-07-21,80,103,96
TASK0013026,PRJ0013,任务26: 测试验证,待开始,中,dev_5002,2024-06-27,2024-11-12,2,138,92
TASK0013027,PRJ0013,任务27: 文档编写,已完成,低,dev_5030,2024-08-07,2024-06-17,62,145,147
TASK0014001,PRJ0014,任务1: 测试验证,取消,低,dev_5016,2024-10-25,2024-02-19,77,86,124
TASK0014002,PRJ0014,任务2: 开发实现,进行中,中,dev_5010,2024-10-17,2024-10-30,5,56,83
TASK0014003,PRJ0014,任务3: 设计评审,待开始,低,dev_5050,2024-10-17,2024-07-17,2,159,31
TASK0014004,PRJ0014,任务4: 需求分析,进行中,中,dev_5028,2024-05-19,2024-09-11,9,86,47
TASK0014005,PRJ0014,任务5: 开发实现,进行中,高,dev_5006,2024-02-21,2024-02-08,80,156,12
TASK0014006,PRJ0014,任务6: 设计评审,阻塞,低,dev_5027,2024-12-10,2024-03-09,30,132,115
TASK0014007,PRJ0014,任务7: 设计评审,取消,高,dev_5015,2024-05-07,2024-01-04,78,145,62
TASK0014008,PRJ0014,任务8: 需求分析,已完成,中,dev_5011,2024-05-07,2024-09-08,68,11,53
TASK0014009,PRJ0014,任务9: 开发实现,阻塞,高,dev_5013,2024-04-02,2024-09-20,56,75,39
TASK0014010,PRJ0014,任务10: 开发实现,阻塞,中,dev_5026,2024-10-09,2024-07-20,52,144,8
TASK0014011,PRJ0014,任务11: 文档编写,已完成,低,dev_5003,2024-01-17,2024-01-26,91,100,142
TASK0015001,PRJ0015,任务1: 文档编写,已完成,低,dev_5049,2024-04-20,2024-10-05,14,91,120
TASK0015002,PRJ0015,任务2: 开发实现,待开始,高,dev_5021,2024-05-18,2024-04-23,87,147,85
TASK0015003,PRJ0015,任务3: 测试验证,取消,高,dev_5036,2024-11-21,2024-01-26,61,124,158
TASK0015004,PRJ0015,任务4: 文档编写,已完成,低,dev_5047,2024-02-24,2024-05-24,67,141,29
TASK0015005,PRJ0015,任务5: 开发实现,待开始,中,dev_5018,2024-08-06,2024-07-27,11,160,152
TASK0015006,PRJ0015,任务6: 开发实现,已完成,高,dev_5030,2024-02-17,2024-01-19,0,112,93
TASK0015007,PRJ0015,任务7: 测试验证,进行中,中,dev_5026,2024-08-07,2024-10-01,70,100,74
TASK0015008,PRJ0015,任务8: 开发实现,已完成,高,dev_5050,2024-11-20,2024-12-16,51,64,127
TASK0015009,PRJ0015,任务9: 测试验证,阻塞,中,dev_5024,2024-11-05,2024-11-13,45,19,43
TASK0015010,PRJ0015,任务10: 文档编写,进行中,中,dev_5019,2024-03-08,2024-04-29,71,34,109
TASK0015011,PRJ0015,任务11: 设计评审,进行中,中,dev_5028,2024-05-17,2024-09-18,39,35,134
TASK0015012,PRJ0015,任务12: 文档编写,阻塞,高,dev_5020,2024-07-16,2024-03-23,70,140,59
TASK0015013,PRJ0015,任务13: 测试验证,进行中,低,dev_5022,2024-10-02,2024-01-31,84,103,52
TASK0015014,PRJ0015,任务14: 设计评审,待开始,低,dev_5024,2024-02-12,2024-11-18,25,27,50
TASK0015015,PRJ0015,任务15: 开发实现,阻塞,高,dev_5007,2024-08-15,2024-01-03,20,132,129
TASK0015016,PRJ0015,任务16: 开发实现,阻塞,高,dev_5020,2024-06-06,2024-08-21,73,57,114
TASK0015017,PRJ0015,任务17: 设计评审,进行中,高,dev_5050,2024-11-13,2024-02-26,61,105,19
TASK0015018,PRJ0015,任务18: 部署上线,阻塞,低,dev_5011,2024-03-28,2024-06-26,66,147,87
TASK0015019,PRJ0015,任务19: 文档编写,取消,中,dev_5043,2024-04-10,2024-03-02,27,88,126
TASK0015020,PRJ0015,任务20: 开发实现,待开始,低,dev_5029,2024-06-06,2024-08-16,35,15,115
TASK0015021,PRJ0015,任务21: 设计评审,取消,中,dev_5010,2024-10-21,2024-11-17,53,34,124
TASK0015022,PRJ0015,任务22: 开发实现,阻塞,中,dev_5029,2024-09-05,2024-10-28,73,22,98
TASK0015023,PRJ0015,任务23: 需求分析,取消,高,dev_5048,2024-05-28,2024-05-14,19,92,31
TASK0016001,PRJ0016,任务1: 部署上线,待开始,低,dev_5021,2024-05-13,2024-06-19,40,27,149
TASK0016002,PRJ0016,任务2: 文档编写,进行中,中,dev_5007,2024-07-07,2024-03-07,65,118,60
TASK0016003,PRJ0016,任务3: 开发实现,取消,中,dev_5001,2024-02-04,2024-08-06,98,30,115
TASK0016004,PRJ0016,任务4: 需求分析,阻塞,中,dev_5039,2024-03-01,2024-06-04,39,91,54
TASK0016005,PRJ0016,任务5: 设计评审,阻塞,低,dev_5023,2024-04-01,2024-01-11,12,100,97
TASK0016006,PRJ0016,任务6: 部署上线,待开始,中,dev_5028,2024-12-10,2024-02-25,48,84,19
TASK0016007,PRJ0016,任务7: 开发实现,阻塞,高,dev_5013,2024-08-31,2024-08-05,66,77,1
TASK0017001,PRJ0017,任务1: 部署上线,待开始,高,dev_5018,2024-02-06,2024-11-18,62,137,17
TASK0017002,PRJ0017,任务2: 需求分析,取消,高,dev_5032,2024-02-26,2024-10-20,47,131,26
TASK0017003,PRJ0017,任务3: 文档编写,已完成,中,dev_5007,2024-06-08,2024-10-25,45,33,71
TASK0017004,PRJ0017,任务4: 部署上线,已完成,中,dev_5035,2024-04-06,2024-10-04,62,62,98
TASK0017005,PRJ0017,任务5: 部署上线,待开始,中,dev_5012,2024-10-31,2024-07-20,54,27,132
TASK0017006,PRJ0017,任务6: 需求分析,取消,中,dev_5016,2024-09-23,2024-09-22,8,105,138
TASK0017007,PRJ0017,任务7: 开发实现,取消,高,dev_5030,2024-12-31,2024-03-27,25,13,152
TASK0017008,PRJ0017,任务8: 部署上线,待开始,中,dev_5002,2024-06-08,2024-07-16,35,72,87
TASK0017009,PRJ0017,任务9: 需求分析,进行中,高,dev_5043,2024-01-04,2024-07-12,85,8,66
TASK0017010,PRJ0017,任务10: 开发实现,待开始,低,dev_5040,2024-11-10,2024-01-25,65,29,131
TASK0017011,PRJ0017,任务11: 测试验证,进行中,高,dev_5004,2024-01-15,2024-03-31,63,104,61
TASK0017012,PRJ0017,任务12: 文档编写,进行中,中,dev_5012,2024-03-26,2024-04-15,100,135,56
TASK0017013,PRJ0017,任务13: 测试验证,取消,中,dev_5004,2024-05-14,2024-04-16,18,106,11
TASK0017014,PRJ0017,任务14: 开发实现,取消,高,dev_5017,2024-08-25,2024-04-29,45,61,83
TASK0017015,PRJ0017,任务15: 设计评审,进行中,中,dev_5049,2024-12-02,2024-07-06,33,158,52
TASK0017016,PRJ0017,任务16: 需求分析,已完成,高,dev_5037,2024-08-27,2024-04-07,98,86,94
TASK0017017,PRJ0017,任务17: 需求分析,进行中,低,dev_5043,2024-06-26,2024-11-10,75,119,75
TASK0017018,PRJ0017,任务18: 设计评审,阻塞,高,dev_5041,2024-07-13,2024-02-01,91,14,156
TASK0017019,PRJ0017,任务19: 部署上线,取消,低,dev_5030,2024-03-21,2024-08-27,32,10,80
TASK0017020,PRJ0017,任务20: 需求分析,已完成,低,dev_5045,2024-05-04,2024-02-28,49,82,23
TASK0017021,PRJ0017,任务21: 需求分析,取消,低,dev_5006,2024-12-25,2024-04-12,55,101,107
TASK0017022,PRJ0017,任务22: 开发实现,待开始,低,dev_5049,2024-03-21,2024-12-23,46,81,44
TASK0017023,PRJ0017,任务23: 测试验证,待开始,高,dev_5027,2024-03-06,2024-10-03,96,155,46
TASK0017024,PRJ0017,任务24: 设计评审,进行中,低,dev_5017,2024-04-14,2024-07-03,59,56,137
TASK0017025,PRJ0017,任务25: 文档编写,取消,中,dev_5037,2024-06-02,2024-07-07,71,152,42
TASK0017026,PRJ0017,任务26: 设计评审,已完成,高,dev_5042,2024-09-04,2024-05-22,62,90,45
TASK0017027,PRJ0017,任务27: 部署上线,已完成,低,dev_5029,2024-08-22,2024-06-30,50,101,80
TASK0017028,PRJ0017,任务28: 需求分析,进行中,低,dev_5050,2024-09-19,2024-12-10,79,93,111
TASK0018001,PRJ0018,任务1: 部署上线,进行中,中,dev_5032,2024-07-27,2024-08-04,44,124,14
TASK0018002,PRJ0018,任务2: 设计评审,待开始,低,dev_5001,2024-02-10,2024-03-26,16,26,62
TASK0018003,PRJ0018,任务3: 设计评审,取消,中,dev_5023,2024-04-17,2024-11-24,99,75,45
TASK0018004,PRJ0018,任务4: 需求分析,已完成,中,dev_5048,2024-09-18,2024-04-19,42,81,84
TASK0018005,PRJ0018,任务5: 测试验证,已完成,低,dev_5033,2024-09-26,2024-12-30,80,67,158
TASK0018006,PRJ0018,任务6: 测试验证,取消,高,dev_5036,2024-12-20,2024-03-06,46,46,95
TASK0018007,PRJ0018,任务7: 开发实现,进行中,高,dev_5040,2024-04-08,2024-06-23,88,71,86
TASK0018008,PRJ0018,任务8: 设计评审,待开始,中,dev_5005,2024-09-07,2024-04-10,87,81,97
TASK0018009,PRJ0018,任务9: 测试验证,待开始,中,dev_5035,2024-10-20,2024-11-23,72,46,65
TASK0018010,PRJ0018,任务10: 测试验证,待开始,中,dev_5031,2024-06-13,2024-07-31,13,12,139
TASK0018011,PRJ0018,任务11: 需求分析,待开始,高,dev_5014,2024-01-11,2024-03-24,22,34,35
TASK0019001,PRJ0019,任务1: 部署上线,已完成,中,dev_5007,2024-04-01,2024-02-19,53,160,131
TASK0019002,PRJ0019,任务2: 设计评审,进行中,高,dev_5010,2024-10-11,2024-06-30,33,33,67
TASK0019003,PRJ0019,任务3: 设计评审,进行中,中,dev_5015,2024-11-17,2024-03-09,52,40,29
TASK0019004,PRJ0019,任务4: 开发实现,已完成,中,dev_5013,2024-08-31,2024-02-24,43,17,68
TASK0019005,PRJ0019,任务5: 开发实现,待开始,低,dev_5026,2024-09-07,2024-10-05,56,134,140
TASK0019006,PRJ0019,任务6: 部署上线,待开始,高,dev_5044,2024-03-04,2024-11-23,45,33,53
TASK0019007,PRJ0019,任务7: 设计评审,阻塞,低,dev_5020,2024-04-05,2024-04-10,22,108,48
TASK0019008,PRJ0019,任务8: 开发实现,已完成,中,dev_5027,2024-11-08,2024-12-14,5,61,49
TASK0019009,PRJ0019,任务9: 文档编写,阻塞,低,dev_5037,2024-12-27,2024-04-06,11,16,87
TASK0019010,PRJ0019,任务10: 测试验证,待开始,低,dev_5030,2024-05-06,2024-03-31,25,148,25
TASK0019011,PRJ0019,任务11: 开发实现,已完成,中,dev_5022,2024-03-11,2024-08-20,71,128,111
TASK0020001,PRJ0020,任务1: 设计评审,阻塞,高,dev_5012,2024-04-20,2024-06-17,54,80,5
TASK0020002,PRJ0020,任务2: 文档编写,取消,高,dev_5001,2024-11-14,2024-11-09,97,144,110
TASK0020003,PRJ0020,任务3: 部署上线,取消,高,dev_5039,2024-07-10,2024-01-07,61,151,111
TASK0020004,PRJ0020,任务4: 测试验证,取消,中,dev_5037,2024-10-19,2024-11-06,72,63,134
TASK0020005,PRJ0020,任务5: 需求分析,取消,低,dev_5008,2024-11-17,2024-10-17,37,151,117
TASK0020006,PRJ0020,任务6: 开发实现,阻塞,高,dev_5012,2024-04-30,2024-12-03,10,10,9
TASK0020007,PRJ0020,任务7: 设计评审,已完成,高,dev_5024,2024-06-21,2024-02-27,63,91,133
TASK0020008,PRJ0020,任务8: 测试验证,进行中,中,dev_5014,2024-06-19,2024-04-14,25,50,121
TASK0020009,PRJ0020,任务9: 需求分析,进行中,低,dev_5050,2024-10-30,2024-11-05,51,112,111
TASK0020010,PRJ0020,任务10: 部署上线,阻塞,低,dev_5024,2024-10-03,2024-05-17,27,25,22
TASK0020011,PRJ0020,任务11: 测试验证,进行中,高,dev_5004,2024-12-30,2024-12-09,88,111,90
TASK0020012,PRJ0020,任务12: 需求分析,已完成,低,dev_5040,2024-05-09,2024-08-24,26,111,93
TASK0020013,PRJ0020,任务13: 文档编写,已完成,低,dev_5013,2024-02-10,2024-01-10,43,98,112
TASK0020014,PRJ0020,任务14: 测试验证,待开始,低,dev_5003,2024-04-14,2024-12-14,7,44,118
TASK0020015,PRJ0020,任务15: 开发实现,取消,中,dev_5003,2024-10-12,2024-11-18,69,156,84
TASK0020016,PRJ0020,任务16: 部署上线,阻塞,低,dev_5029,2024-11-07,2024-04-06,42,141,76
TASK0020017,PRJ0020,任务17: 设计评审,已完成,高,dev_5013,2024-02-21,2024-05-14,72,78,85
TASK0020018,PRJ0020,任务18: 设计评审,待开始,高,dev_5023,2024-12-28,2024-10-07,55,19,108
TASK0020019,PRJ0020,任务19: 设计评审,待开始,低,dev_5033,2024-02-25,2024-10-09,5,77,12
TASK0020020,PRJ0020,任务20: 文档编写,取消,低,dev_5047,2024-11-12,2024-10-26,14,89,31
TASK0020021,PRJ0020,任务21: 开发实现,待开始,中,dev_5001,2024-07-02,2024-01-31,71,97,3
TASK0020022,PRJ0020,任务22: 文档编写,待开始,低,dev_5016,2024-12-11,2024-05-16,61,77,41
TASK0020023,PRJ0020,任务23: 部署上线,阻塞,高,dev_5027,2024-05-10,2024-02-06,23,51,105
TASK0020024,PRJ0020,任务24: 开发实现,阻塞,高,dev_5021,2024-12-20,2024-05-16,88,64,147
TASK0020025,PRJ0020,任务25: 文档编写,进行中,中,dev_5022,2024-04-18,2024-11-03,92,109,3
TASK0021001,PRJ0021,任务1: 设计评审,已完成,高,dev_5035,2024-02-12,2024-08-20,36,78,35
TASK0021002,PRJ0021,任务2: 开发实现,进行中,低,dev_5045,2024-12-25,2024-07-23,67,94,160
TASK0021003,PRJ0021,任务3: 设计评审,阻塞,中,dev_5033,2024-03-31,2024-01-10,72,33,140
TASK0021004,PRJ0021,任务4: 文档编写,取消,高,dev_5011,2024-03-19,2024-06-06,100,106,99
TASK0021005,PRJ0021,任务5: 需求分析,已完成,高,dev_5050,2024-10-01,2024-01-21,77,132,0
TASK0021006,PRJ0021,任务6: 设计评审,待开始,低,dev_5049,2024-08-27,2024-10-27,90,11,155
TASK0021007,PRJ0021,任务7: 测试验证,进行中,中,dev_5007,2024-12-17,2024-06-11,79,27,19
TASK0021008,PRJ0021,任务8: 测试验证,已完成,低,dev_5014,2024-04-30,2024-03-01,56,22,34
TASK0021009,PRJ0021,任务9: 文档编写,已完成,高,dev_5016,2024-09-12,2024-11-02,60,8,136
TASK0021010,PRJ0021,任务10: 测试验证,待开始,中,dev_5042,2024-04-30,2024-08-27,97,130,88
TASK0021011,PRJ0021,任务11: 部署上线,阻塞,高,dev_5050,2024-07-07,2024-04-11,59,30,126
TASK0021012,PRJ0021,任务12: 设计评审,待开始,低,dev_5008,2024-06-14,2024-04-27,30,66,6
TASK0021013,PRJ0021,任务13: 需求分析,进行中,高,dev_5022,2024-07-14,2024-10-21,53,77,113
TASK0021014,PRJ0021,任务14: 开发实现,待开始,高,dev_5016,2024-02-05,2024-02-21,45,31,152
TASK0022001,PRJ0022,任务1: 部署上线,进行中,低,dev_5019,2024-10-03,2024-12-20,38,48,36
TASK0022002,PRJ0022,任务2: 测试验证,阻塞,高,dev_5006,2024-07-07,2024-06-03,27,12,151
TASK0022003,PRJ0022,任务3: 部署上线,待开始,高,dev_5042,2024-11-30,2024-06-08,88,153,30
TASK0022004,PRJ0022,任务4: 设计评审,待开始,中,dev_5025,2024-11-23,2024-06-24,25,105,110
TASK0022005,PRJ0022,任务5: 测试验证,待开始,高,dev_5026,2024-06-05,2024-08-02,90,58,84
TASK0022006,PRJ0022,任务6: 需求分析,已完成,中,dev_5011,2024-04-04,2024-09-20,96,42,54
TASK0022007,PRJ0022,任务7: 设计评审,已完成,低,dev_5014,2024-06-07,2024-09-18,84,90,47
TASK0022008,PRJ0022,任务8: 文档编写,取消,中,dev_5049,2024-11-09,2024-10-17,27,73,152
TASK0022009,PRJ0022,任务9: 测试验证,已完成,中,dev_5030,2024-06-10,2024-10-08,30,64,88
TASK0022010,PRJ0022,任务10: 设计评审,待开始,低,dev_5039,2024-09-11,2024-01-01,87,107,75
TASK0022011,PRJ0022,任务11: 需求分析,阻塞,中,dev_5006,2024-03-14,2024-04-10,88,27,82
TASK0022012,PRJ0022,任务12: 开发实现,待开始,高,dev_5020,2024-05-13,2024-08-23,64,60,2
TASK0022013,PRJ0022,任务13: 测试验证,已完成,高,dev_5007,2024-07-23,2024-04-10,18,135,5
TASK0022014,PRJ0022,任务14: 设计评审,已完成,低,dev_5008,2024-05-09,2024-02-22,2,96,32
TASK0022015,PRJ0022,任务15: 测试验证,取消,低,dev_5026,2024-04-12,2024-07-30,38,50,118
TASK0022016,PRJ0022,任务16: 设计评审,待开始,高,dev_5026,2024-05-13,2024-12-16,40,80,51
TASK0022017,PRJ0022,任务17: 测试验证,阻塞,中,dev_5033,2024-11-27,2024-09-03,78,118,122
TASK0022018,PRJ0022,任务18: 文档编写,已完成,中,dev_5031,2024-11-18,2024-04-05,49,160,131
TASK0023001,PRJ0023,任务1: 文档编写,进行中,高,dev_5006,2024-12-19,2024-04-29,26,64,33
TASK0023002,PRJ0023,任务2: 测试验证,取消,低,dev_5048,2024-10-08,2024-03-10,12,123,0
TASK0023003,PRJ0023,任务3: 设计评审,阻塞,低,dev_5031,2024-03-02,2024-11-04,72,106,18
TASK0023004,PRJ0023,任务4: 开发实现,取消,中,dev_5040,2024-02-18,2024-10-03,45,38,78
TASK0023005,PRJ0023,任务5: 文档编写,阻塞,中,dev_5028,2024-03-04,2024-07-31,94,18,53
TASK0023006,PRJ0023,任务6: 部署上线,已完成,低,dev_5021,2024-12-19,2024-03-17,50,15,107
TASK0023007,PRJ0023,任务7: 部署上线,进行中,高,dev_5033,2024-08-22,2024-10-16,40,111,18
TASK0023008,PRJ0023,任务8: 开发实现,待开始,高,dev_5037,2024-07-13,2024-07-14,8,102,157
TASK0023009,PRJ0023,任务9: 设计评审,取消,高,dev_5011,2024-06-21,2024-08-19,67,19,140
TASK0023010,PRJ0023,任务10: 部署上线,已完成,高,dev_5028,2024-10-18,2024-01-08,24,22,56
TASK0023011,PRJ0023,任务11: 开发实现,阻塞,低,dev_5047,2024-02-06,2024-02-10,23,20,35
TASK0023012,PRJ0023,任务12: 测试验证,进行中,高,dev_5042,2024-03-12,2024-04-29,67,100,146
TASK0023013,PRJ0023,任务13: 开发实现,待开始,低,dev_5044,2024-03-12,2024-10-30,80,47,9
TASK0023014,PRJ0023,任务14: 测试验证,进行中,高,dev_5013,2024-01-24,2024-04-14,31,103,141
TASK0023015,PRJ0023,任务15: 设计评审,进行中,高,dev_5037,2024-10-03,2024-11-12,86,99,17
TASK0023016,PRJ0023,任务16: 需求分析,待开始,高,dev_5041,2024-11-13,2024-10-25,63,128,62
TASK0023017,PRJ0023,任务17: 部署上线,阻塞,低,dev_5011,2024-08-12,2024-10-09,59,107,112
TASK0023018,PRJ0023,任务18: 部署上线,进行中,高,dev_5026,2024-01-04,2024-11-21,70,83,46
TASK0024001,PRJ0024,任务1: 部署上线,阻塞,中,dev_5022,2024-02-23,2024-06-04,32,74,130
TASK0024002,PRJ0024,任务2: 测试验证,已完成,中,dev_5018,2024-04-11,2024-01-13,51,47,5
TASK0024003,PRJ0024,任务3: 测试验证,取消,高,dev_5020,2024-12-12,2024-12-12,71,84,144
TASK0024004,PRJ0024,任务4: 部署上线,待开始,低,dev_5033,2024-12-25,2024-08-12,18,20,44
TASK0024005,PRJ0024,任务5: 部署上线,取消,高,dev_5005,2024-04-16,2024-01-06,97,9,132
TASK0024006,PRJ0024,任务6: 开发实现,进行中,低,dev_5014,2024-10-26,2024-03-02,37,29,148
TASK0024007,PRJ0024,任务7: 文档编写,取消,高,dev_5049,2024-02-08,2024-12-24,81,120,151
TASK0024008,PRJ0024,任务8: 测试验证,进行中,高,dev_5002,2024-11-16,2024-06-21,0,124,71
TASK0024009,PRJ0024,任务9: 部署上线,已完成,高,dev_5019,2024-05-24,2024-05-02,21,120,24
TASK0025001,PRJ0025,任务1: 设计评审,取消,低,dev_5042,2024-01-04,2024-03-13,90,141,71
TASK0025002,PRJ0025,任务2: 文档编写,已完成,高,dev_5027,2024-02-14,2024-12-11,48,159,54
TASK0025003,PRJ0025,任务3: 文档编写,阻塞,高,dev_5018,2024-01-30,2024-09-23,94,142,84
TASK0025004,PRJ0025,任务4: 需求分析,阻塞,高,dev_5009,2024-05-03,2024-09-16,13,58,125
TASK0025005,PRJ0025,任务5: 需求分析,已完成,中,dev_5046,2024-12-06,2024-05-30,9,17,62
TASK0025006,PRJ0025,任务6: 测试验证,阻塞,高,dev_5012,2024-07-31,2024-06-20,76,76,31
TASK0025007,PRJ0025,任务7: 文档编写,已完成,高,dev_5024,2024-09-30,2024-04-17,67,97,21
TASK0025008,PRJ0025,任务8: 测试验证,进行中,中,dev_5032,2024-09-21,2024-02-07,15,113,72
TASK0025009,PRJ0025,任务9: 开发实现,阻塞,中,dev_5033,2024-05-20,2024-09-02,13,56,43
TASK0025010,PRJ0025,任务10: 文档编写,取消,高,dev_5007,2024-01-31,2024-04-01,77,33,86
TASK0025011,PRJ0025,任务11: 部署上线,已完成,低,dev_5008,2024-02-20,2024-10-09,47,142,20
TASK0025012,PRJ0025,任务12: 需求分析,待开始,高,dev_5019,2024-07-15,2024-01-24,16,56,94
TASK0025013,PRJ0025,任务13: 设计评审,已完成,低,dev_5038,2024-07-22,2024-09-17,20,138,151
TASK0025014,PRJ0025,任务14: 需求分析,待开始,中,dev_5004,2024-10-02,2024-02-28,17,70,86
TASK0025015,PRJ0025,任务15: 测试验证,进行中,高,dev_5026,2024-09-10,2024-07-14,50,20,36
TASK0025016,PRJ0025,任务16: 测试验证,待开始,中,dev_5036,2024-10-25,2024-04-02,59,143,142
TASK0025017,PRJ0025,任务17: 部署上线,已完成,中,dev_5033,2024-12-17,2024-08-23,11,147,19
TASK0025018,PRJ0025,任务18: 部署上线,进行中,低,dev_5015,2024-06-06,2024-09-12,85,121,11
TASK0025019,PRJ0025,任务19: 开发实现,待开始,高,dev_5042,2024-05-10,2024-08-30,29,8,160
TASK0025020,PRJ0025,任务20: 部署上线,待开始,高,dev_5034,2024-03-25,2024-02-18,27,37,20
TASK0025021,PRJ0025,任务21: 文档编写,已完成,低,dev_5012,2024-06-08,2024-11-18,11,85,59
TASK0025022,PRJ0025,任务22: 需求分析,已完成,中,dev_5020,2024-07-14,2024-10-17,59,144,160
TASK0025023,PRJ0025,任务23: 部署上线,已完成,高,dev_5021,2024-10-15,2024-07-30,28,84,148
TASK0026001,PRJ0026,任务1: 需求分析,待开始,高,dev_5038,2024-08-19,2024-08-02,67,65,63
TASK0026002,PRJ0026,任务2: 开发实现,已完成,高,dev_5004,2024-05-12,2024-02-23,79,101,22
TASK0026003,PRJ0026,任务3: 文档编写,待开始,高,dev_5041,2024-01-23,2024-04-19,3,121,99
TASK0026004,PRJ0026,任务4: 测试验证,待开始,中,dev_5001,2024-07-17,2024-12-25,13,107,102
TASK0026005,PRJ0026,任务5: 部署上线,已完成,中,dev_5020,2024-12-19,2024-10-02,86,42,7
TASK0026006,PRJ0026,任务6: 部署上线,取消,中,dev_5009,2024-09-28,2024-06-07,98,141,18
TASK0026007,PRJ0026,任务7: 部署上线,待开始,低,dev_5025,2024-10-20,2024-07-20,77,43,57
TASK0026008,PRJ0026,任务8: 开发实现,已完成,中,dev_5004,2024-06-16,2024-07-08,56,44,79
TASK0026009,PRJ0026,任务9: 测试验证,阻塞,高,dev_5006,2024-04-23,2024-10-19,52,58,103
TASK0026010,PRJ0026,任务10: 设计评审,待开始,低,dev_5038,2024-02-08,2024-07-27,0,77,149
TASK0026011,PRJ0026,任务11: 文档编写,已完成,高,dev_5031,2024-12-24,2024-03-21,24,25,159
TASK0026012,PRJ0026,任务12: 需求分析,待开始,中,dev_5004,2024-12-23,2024-07-18,54,142,96
TASK0026013,PRJ0026,任务13: 设计评审,阻塞,高,dev_5007,2024-12-23,2024-10-06,46,150,147
TASK0026014,PRJ0026,任务14: 设计评审,已完成,低,dev_5017,2024-12-01,2024-01-27,39,131,10
TASK0026015,PRJ0026,任务15: 开发实现,阻塞,高,dev_5011,2024-08-01,2024-06-11,49,96,98
TASK0026016,PRJ0026,任务16: 文档编写,已完成,高,dev_5044,2024-08-07,2024-06-10,50,107,107
TASK0026017,PRJ0026,任务17: 测试验证,待开始,中,dev_5030,2024-02-27,2024-02-12,15,43,9
TASK0026018,PRJ0026,任务18: 测试验证,待开始,高,dev_5034,2024-12-18,2024-12-02,2,94,160
TASK0026019,PRJ0026,任务19: 部署上线,取消,高,dev_5049,2024-07-07,2024-10-18,54,133,150
TASK0026020,PRJ0026,任务20: 设计评审,阻塞,高,dev_5024,2024-06-22,2024-03-11,44,125,107
TASK0026021,PRJ0026,任务21: 需求分析,已完成,高,dev_5046,2024-12-30,2024-05-01,24,96,155
TASK0026022,PRJ0026,任务22: 文档编写,取消,低,dev_5017,2024-10-01,2024-01-25,66,114,16
TASK0026023,PRJ0026,任务23: 部署上线,阻塞,低,dev_5049,2024-12-08,2024-12-19,81,140,48
TASK0026024,PRJ0026,任务24: 需求分析,已完成,高,dev_5018,2024-03-15,2024-03-23,75,134,138
TASK0026025,PRJ0026,任务25: 开发实现,进行中,高,dev_5008,2024-12-19,2024-12-19,0,24,61
TASK0026026,PRJ0026,任务26: 设计评审,取消,低,dev_5037,2024-04-21,2024-01-05,72,11,71
TASK0026027,PRJ0026,任务27: 需求分析,待开始,高,dev_5032,2024-08-03,2024-06-25,70,87,145
TASK0026028,PRJ0026,任务28: 文档编写,待开始,高,dev_5020,2024-01-22,2024-06-22,55,93,0
TASK0026029,PRJ0026,任务29: 设计评审,已完成,中,dev_5036,2024-09-07,2024-01-20,86,19,156
TASK0027001,PRJ0027,任务1: 部署上线,待开始,高,dev_5044,2024-08-24,2024-11-04,72,9,69
TASK0027002,PRJ0027,任务2: 测试验证,进行中,中,dev_5039,2024-02-04,2024-10-31,97,155,28
TASK0027003,PRJ0027,任务3: 部署上线,进行中,低,dev_5027,2024-05-16,2024-09-28,96,146,48
TASK0027004,PRJ0027,任务4: 测试验证,进行中,中,dev_5038,2024-07-31,2024-02-10,52,57,99
TASK0027005,PRJ0027,任务5: 测试验证,阻塞,高,dev_5030,2024-12-29,2024-08-22,40,55,153
TASK0027006,PRJ0027,任务6: 测试验证,取消,低,dev_5020,2024-12-10,2024-04-02,88,106,159
TASK0027007,PRJ0027,任务7: 需求分析,已完成,中,dev_5046,2024-10-03,2024-11-19,78,126,138
TASK0027008,PRJ0027,任务8: 部署上线,待开始,低,dev_5041,2024-05-15,2024-02-19,88,43,66
TASK0027009,PRJ0027,任务9: 开发实现,进行中,中,dev_5049,2024-08-29,2024-01-19,46,17,136
TASK0027010,PRJ0027,任务10: 测试验证,已完成,中,dev_5003,2024-06-13,2024-08-08,20,75,75
TASK0027011,PRJ0027,任务11: 部署上线,待开始,低,dev_5048,2024-10-01,2024-09-29,84,106,113
TASK0027012,PRJ0027,任务12: 部署上线,取消,低,dev_5024,2024-01-13,2024-02-21,28,154,28
TASK0027013,PRJ0027,任务13: 部署上线,进行中,低,dev_5030,2024-02-01,2024-08-12,35,28,76
TASK0027014,PRJ0027,任务14: 设计评审,待开始,高,dev_5016,2024-05-21,2024-11-15,84,145,79
TASK0027015,PRJ0027,任务15: 设计评审,取消,低,dev_5012,2024-10-06,2024-12-05,97,27,79
TASK0028001,PRJ0028,任务1: 开发实现,阻塞,高,dev_5020,2024-08-31,2024-09-29,55,58,91
TASK0028002,PRJ0028,任务2: 测试验证,进行中,高,dev_5027,2024-12-05,2024-03-24,61,66,59
TASK0028003,PRJ0028,任务3: 需求分析,取消,低,dev_5037,2024-01-06,2024-05-03,39,89,75
TASK0028004,PRJ0028,任务4: 开发实现,阻塞,低,dev_5033,2024-05-25,2024-05-07,97,53,16
TASK0028005,PRJ0028,任务5: 文档编写,待开始,低,dev_5021,2024-05-31,2024-11-03,49,151,107
TASK0029001,PRJ0029,任务1: 测试验证,阻塞,低,dev_5043,2024-04-06,2024-01-30,100,128,144
TASK0029002,PRJ0029,任务2: 需求分析,取消,低,dev_5005,2024-12-21,2024-10-19,78,136,71
TASK0029003,PRJ0029,任务3: 测试验证,阻塞,中,dev_5005,2024-08-26,2024-01-10,76,155,95
TASK0029004,PRJ0029,任务4: 需求分析,待开始,高,dev_5014,2024-12-31,2024-06-28,51,49,81
TASK0029005,PRJ0029,任务5: 测试验证,阻塞,高,dev_5005,2024-01-30,2024-11-16,76,16,36
TASK0029006,PRJ0029,任务6: 部署上线,待开始,中,dev_5030,2024-10-29,2024-12-25,43,103,5
TASK0029007,PRJ0029,任务7: 需求分析,待开始,中,dev_5020,2024-05-20,2024-02-07,44,117,97
TASK0029008,PRJ0029,任务8: 文档编写,进行中,高,dev_5024,2024-08-17,2024-03-21,63,103,111
TASK0030001,PRJ0030,任务1: 设计评审,待开始,高,dev_5008,2024-08-18,2024-06-12,69,153,45
TASK0030002,PRJ0030,任务2: 部署上线,进行中,低,dev_5045,2024-01-12,2024-06-13,24,125,7
TASK0030003,PRJ0030,任务3: 需求分析,进行中,低,dev_5031,2024-12-28,2024-07-19,89,15,116
TASK0030004,PRJ0030,任务4: 设计评审,待开始,低,dev_5014,2024-03-19,2024-05-22,66,57,36
TASK0030005,PRJ0030,任务5: 设计评审,阻塞,中,dev_5024,2024-08-03,2024-09-08,60,77,96
TASK0030006,PRJ0030,任务6: 测试验证,取消,中,dev_5014,2024-04-05,2024-05-21,14,83,129
TASK0030007,PRJ0030,任务7: 开发实现,进行中,中,dev_5042,2024-10-14,2024-11-05,65,148,9
TASK0030008,PRJ0030,任务8: 测试验证,阻塞,中,dev_5031,2024-11-20,2024-05-26,55,96,135
TASK0030009,PRJ0030,任务9: 开发实现,阻塞,低,dev_5024,2024-07-20,2024-06-02,46,30,148
TASK0031001,PRJ0031,任务1: 开发实现,进行中,中,dev_5037,2024-05-03,2024-05-15,49,145,32
TASK0031002,PRJ0031,任务2: 文档编写,取消,低,dev_5036,2024-07-04,2024-02-16,51,96,36
TASK0031003,PRJ0031,任务3: 设计评审,取消,中,dev_5014,2024-06-16,2024-02-25,11,148,119
TASK0031004,PRJ0031,任务4: 测试验证,取消,中,dev_5016,2024-05-12,2024-11-17,8,78,72
TASK0031005,PRJ0031,任务5: 部署上线,阻塞,低,dev_5032,2024-08-13,2024-06-02,56,112,50
TASK0031006,PRJ0031,任务6: 部署上线,阻塞,低,dev_5047,2024-02-09,2024-01-10,24,25,134
TASK0031007,PRJ0031,任务7: 部署上线,阻塞,高,dev_5032,2024-09-06,2024-10-18,53,22,104
TASK0031008,PRJ0031,任务8: 文档编写,取消,低,dev_5034,2024-12-08,2024-07-14,56,80,44
TASK0031009,PRJ0031,任务9: 需求分析,已完成,低,dev_5045,2024-01-16,2024-12-06,41,128,136
TASK0031010,PRJ0031,任务10: 开发实现,阻塞,高,dev_5010,2024-02-05,2024-07-26,26,75,104
TASK0032001,PRJ0032,任务1: 需求分析,取消,低,dev_5026,2024-06-11,2024-02-28,44,67,21
TASK0032002,PRJ0032,任务2: 设计评审,待开始,中,dev_5005,2024-12-12,2024-04-29,91,141,32
TASK0032003,PRJ0032,任务3: 文档编写,取消,低,dev_5042,2024-09-04,2024-11-15,6,144,110
TASK0032004,PRJ0032,任务4: 文档编写,取消,中,dev_5021,2024-02-25,2024-11-23,32,119,104
TASK0032005,PRJ0032,任务5: 需求分析,待开始,中,dev_5001,2024-06-28,2024-10-17,30,114,118
TASK0032006,PRJ0032,任务6: 需求分析,待开始,低,dev_5022,2024-07-08,2024-12-20,21,55,99
TASK0032007,PRJ0032,任务7: 开发实现,待开始,低,dev_5009,2024-05-14,2024-07-16,47,93,39
TASK0032008,PRJ0032,任务8: 文档编写,取消,中,dev_5046,2024-09-05,2024-10-14,57,58,81
TASK0032009,PRJ0032,任务9: 需求分析,阻塞,低,dev_5016,2024-03-12,2024-01-03,23,48,118
TASK0032010,PRJ0032,任务10: 文档编写,待开始,高,dev_5014,2024-11-30,2024-02-11,64,20,15
TASK0032011,PRJ0032,任务11: 设计评审,待开始,低,dev_5018,2024-11-03,2024-09-22,6,16,136
TASK0032012,PRJ0032,任务12: 开发实现,阻塞,低,dev_5021,2024-06-19,2024-07-03,57,132,63
TASK0032013,PRJ0032,任务13: 开发实现,进行中,高,dev_5036,2024-04-02,2024-04-27,77,25,48
TASK0032014,PRJ0032,任务14: 设计评审,待开始,低,dev_5041,2024-05-03,2024-07-31,49,156,67
TASK0032015,PRJ0032,任务15: 部署上线,取消,高,dev_5023,2024-10-27,2024-09-19,82,10,134
TASK0033001,PRJ0033,任务1: 测试验证,取消,低,dev_5049,2024-09-11,2024-04-15,17,155,116
TASK0033002,PRJ0033,任务2: 开发实现,取消,中,dev_5049,2024-06-20,2024-08-06,18,129,27
TASK0033003,PRJ0033,任务3: 文档编写,进行中,中,dev_5004,2024-11-16,2024-03-14,33,84,100
TASK0033004,PRJ0033,任务4: 部署上线,取消,中,dev_5023,2024-10-15,2024-10-04,78,15,154
TASK0033005,PRJ0033,任务5: 需求分析,阻塞,中,dev_5002,2024-10-20,2024-06-01,59,142,50
TASK0033006,PRJ0033,任务6: 需求分析,阻塞,高,dev_5028,2024-05-28,2024-07-26,92,92,128
TASK0033007,PRJ0033,任务7: 部署上线,取消,低,dev_5036,2024-09-12,2024-03-31,34,76,76
TASK0033008,PRJ0033,任务8: 测试验证,进行中,高,dev_5010,2024-09-28,2024-12-16,35,43,10
TASK0033009,PRJ0033,任务9: 部署上线,进行中,中,dev_5020,2024-10-26,2024-05-05,87,153,11
TASK0033010,PRJ0033,任务10: 部署上线,取消,高,dev_5044,2024-02-10,2024-03-14,17,17,46
TASK0033011,PRJ0033,任务11: 需求分析,已完成,低,dev_5007,2024-03-11,2024-11-26,87,137,90
TASK0033012,PRJ0033,任务12: 需求分析,进行中,中,dev_5033,2024-05-22,2024-01-17,41,82,27
TASK0033013,PRJ0033,任务13: 文档编写,阻塞,低,dev_5022,2024-03-25,2024-04-27,62,10,0
TASK0034001,PRJ0034,任务1: 部署上线,阻塞,中,dev_5031,2024-07-09,2024-02-09,78,21,11
TASK0034002,PRJ0034,任务2: 设计评审,进行中,高,dev_5047,2024-08-08,2024-01-14,60,69,73
TASK0034003,PRJ0034,任务3: 测试验证,取消,低,dev_5019,2024-05-02,2024-03-23,54,127,65
TASK0034004,PRJ0034,任务4: 部署上线,已完成,中,dev_5018,2024-11-21,2024-04-22,9,23,53
TASK0034005,PRJ0034,任务5: 设计评审,进行中,高,dev_5035,2024-12-05,2024-06-30,32,70,114
TASK0034006,PRJ0034,任务6: 文档编写,阻塞,中,dev_5016,2024-01-29,2024-07-01,70,95,137
TASK0034007,PRJ0034,任务7: 设计评审,待开始,低,dev_5028,2024-05-22,2024-06-23,77,115,139
TASK0034008,PRJ0034,任务8: 设计评审,进行中,中,dev_5014,2024-02-17,2024-03-10,87,28,38
TASK0034009,PRJ0034,任务9: 开发实现,已完成,低,dev_5033,2024-11-10,2024-09-23,25,51,52
TASK0034010,PRJ0034,任务10: 需求分析,阻塞,低,dev_5008,2024-05-16,2024-02-26,16,92,119
TASK0034011,PRJ0034,任务11: 需求分析,阻塞,中,dev_5004,2024-08-22,2024-09-12,79,55,76
TASK0034012,PRJ0034,任务12: 开发实现,已完成,中,dev_5048,2024-08-28,2024-06-15,83,120,17
TASK0034013,PRJ0034,任务13: 需求分析,进行中,高,dev_5024,2024-12-21,2024-07-31,67,132,53
TASK0034014,PRJ0034,任务14: 需求分析,待开始,高,dev_5020,2024-03-21,2024-07-17,37,89,153
TASK0034015,PRJ0034,任务15: 文档编写,阻塞,高,dev_5037,2024-05-23,2024-08-06,67,81,95
TASK0034016,PRJ0034,任务16: 部署上线,进行中,低,dev_5007,2024-01-07,2024-10-20,1,57,88
TASK0034017,PRJ0034,任务17: 部署上线,已完成,低,dev_5046,2024-08-31,2024-03-10,48,56,47
TASK0034018,PRJ0034,任务18: 文档编写,阻塞,中,dev_5003,2024-04-05,2024-09-08,81,26,155
TASK0034019,PRJ0034,任务19: 设计评审,阻塞,中,dev_5012,2024-02-26,2024-01-04,22,68,140
TASK0034020,PRJ0034,任务20: 测试验证,进行中,低,dev_5036,2024-01-16,2024-09-07,31,119,106
TASK0034021,PRJ0034,任务21: 文档编写,已完成,低,dev_5032,2024-01-22,2024-07-12,83,88,148
TASK0034022,PRJ0034,任务22: 文档编写,取消,高,dev_5047,2024-12-15,2024-11-18,14,152,103
TASK0034023,PRJ0034,任务23: 文档编写,已完成,高,dev_5048,2024-12-04,2024-12-30,30,96,105
TASK0034024,PRJ0034,任务24: 设计评审,进行中,低,dev_5022,2024-01-14,2024-03-29,9,27,30
TASK0034025,PRJ0034,任务25: 部署上线,阻塞,高,dev_5044,2024-01-23,2024-01-03,5,145,35
TASK0034026,PRJ0034,任务26: 设计评审,进行中,高,dev_5023,2024-04-30,2024-03-08,95,50,10
TASK0034027,PRJ0034,任务27: 部署上线,取消,高,dev_5037,2024-07-02,2024-07-15,98,20,135
TASK0034028,PRJ0034,任务28: 部署上线,取消,高,dev_5019,2024-08-05,2024-07-15,9,122,29
TASK0034029,PRJ0034,任务29: 需求分析,待开始,中,dev_5031,2024-10-01,2024-04-02,33,127,90
TASK0035001,PRJ0035,任务1: 部署上线,待开始,高,dev_5032,2024-04-08,2024-10-17,5,108,107
TASK0035002,PRJ0035,任务2: 开发实现,待开始,低,dev_5026,2024-09-20,2024-09-28,80,136,93
TASK0035003,PRJ0035,任务3: 测试验证,阻塞,高,dev_5012,2024-08-26,2024-04-10,15,116,5
TASK0035004,PRJ0035,任务4: 设计评审,已完成,高,dev_5010,2024-12-18,2024-06-05,43,11,100
TASK0035005,PRJ0035,任务5: 设计评审,进行中,低,dev_5030,2024-02-01,2024-12-19,88,97,39
TASK0035006,PRJ0035,任务6: 开发实现,待开始,低,dev_5028,2024-11-07,2024-05-11,99,88,110
TASK0035007,PRJ0035,任务7: 开发实现,阻塞,低,dev_5027,2024-07-12,2024-08-27,50,73,105
TASK0035008,PRJ0035,任务8: 部署上线,待开始,中,dev_5011,2024-12-31,2024-09-15,39,10,4
TASK0035009,PRJ0035,任务9: 需求分析,待开始,低,dev_5008,2024-04-18,2024-08-15,33,56,114
TASK0035010,PRJ0035,任务10: 部署上线,已完成,中,dev_5047,2024-02-19,2024-01-09,97,129,61
TASK0035011,PRJ0035,任务11: 部署上线,进行中,高,dev_5012,2024-03-16,2024-06-15,92,146,57
TASK0035012,PRJ0035,任务12: 设计评审,阻塞,中,dev_5050,2024-03-25,2024-11-24,93,44,53
TASK0035013,PRJ0035,任务13: 文档编写,进行中,中,dev_5022,2024-01-23,2024-02-29,43,78,30
TASK0035014,PRJ0035,任务14: 测试验证,阻塞,中,dev_5024,2024-08-24,2024-10-02,53,119,20
TASK0035015,PRJ0035,任务15: 需求分析,待开始,高,dev_5002,2024-06-28,2024-11-02,11,39,135
TASK0035016,PRJ0035,任务16: 测试验证,进行中,低,dev_5047,2024-05-17,2024-09-12,77,69,159
TASK0035017,PRJ0035,任务17: 设计评审,进行中,中,dev_5033,2024-12-06,2024-10-22,10,81,14
TASK0035018,PRJ0035,任务18: 设计评审,阻塞,低,dev_5042,2024-12-11,2024-07-18,28,30,81
TASK0035019,PRJ0035,任务19: 文档编写,已完成,低,dev_5023,2024-12-12,2024-09-26,6,12,128
TASK0035020,PRJ0035,任务20: 测试验证,已完成,中,dev_5050,2024-06-22,2024-08-23,42,33,54
TASK0035021,PRJ0035,任务21: 需求分析,取消,高,dev_5048,2024-10-09,2024-03-10,24,133,13
TASK0035022,PRJ0035,任务22: 文档编写,取消,中,dev_5018,2024-05-11,2024-07-17,68,89,4
TASK0035023,PRJ0035,任务23: 需求分析,进行中,低,dev_5035,2024-02-14,2024-05-05,64,101,76
TASK0036001,PRJ0036,任务1: 部署上线,已完成,高,dev_5040,2024-04-25,2024-03-23,51,79,82
TASK0036002,PRJ0036,任务2: 测试验证,待开始,高,dev_5031,2024-08-17,2024-05-07,29,132,9
TASK0036003,PRJ0036,任务3: 需求分析,待开始,中,dev_5024,2024-04-08,2024-07-24,5,96,75
TASK0036004,PRJ0036,任务4: 文档编写,取消,中,dev_5006,2024-04-04,2024-08-30,73,67,20
TASK0036005,PRJ0036,任务5: 文档编写,待开始,低,dev_5010,2024-07-17,2024-03-25,82,131,119
TASK0036006,PRJ0036,任务6: 开发实现,阻塞,低,dev_5039,2024-11-06,2024-12-26,78,8,111
TASK0036007,PRJ0036,任务7: 文档编写,待开始,中,dev_5008,2024-09-15,2024-08-10,78,107,2
TASK0036008,PRJ0036,任务8: 部署上线,已完成,中,dev_5026,2024-02-21,2024-02-13,94,150,47
TASK0037001,PRJ0037,任务1: 部署上线,进行中,高,dev_5046,2024-01-09,2024-09-03,40,136,110
TASK0037002,PRJ0037,任务2: 开发实现,进行中,中,dev_5036,2024-05-01,2024-01-12,74,134,82
TASK0037003,PRJ0037,任务3: 设计评审,进行中,低,dev_5025,2024-04-11,2024-02-27,33,156,34
TASK0037004,PRJ0037,任务4: 部署上线,取消,中,dev_5038,2024-02-18,2024-09-21,87,111,30
TASK0037005,PRJ0037,任务5: 文档编写,阻塞,中,dev_5042,2024-07-21,2024-10-06,55,63,64
TASK0037006,PRJ0037,任务6: 开发实现,已完成,低,dev_5025,2024-05-23,2024-12-07,87,51,44
TASK0037007,PRJ0037,任务7: 需求分析,阻塞,低,dev_5049,2024-10-20,2024-12-06,19,94,87
TASK0037008,PRJ0037,任务8: 部署上线,进行中,高,dev_5001,2024-04-11,2024-06-28,68,23,141
TASK0037009,PRJ0037,任务9: 测试验证,已完成,中,dev_5041,2024-05-05,2024-05-10,95,82,157
TASK0037010,PRJ0037,任务10: 需求分析,待开始,低,dev_5034,2024-06-27,2024-04-29,37,150,139
TASK0037011,PRJ0037,任务11: 设计评审,待开始,低,dev_5049,2024-04-05,2024-08-13,92,49,115
TASK0037012,PRJ0037,任务12: 测试验证,取消,高,dev_5019,2024-01-25,2024-09-11,74,56,35
TASK0037013,PRJ0037,任务13: 部署上线,待开始,低,dev_5006,2024-07-16,2024-12-05,60,30,125
TASK0037014,PRJ0037,任务14: 测试验证,待开始,高,dev_5001,2024-04-25,2024-05-25,5,52,13
TASK0037015,PRJ0037,任务15: 测试验证,进行中,中,dev_5005,2024-09-12,2024-06-08,40,124,66
TASK0037016,PRJ0037,任务16: 需求分析,阻塞,低,dev_5040,2024-02-03,2024-09-14,34,143,1
TASK0037017,PRJ0037,任务17: 需求分析,待开始,高,dev_5049,2024-01-08,2024-02-16,29,69,15
TASK0037018,PRJ0037,任务18: 文档编写,进行中,低,dev_5008,2024-05-21,2024-10-07,75,12,65
TASK0037019,PRJ0037,任务19: 需求分析,待开始,高,dev_5047,2024-05-06,2024-11-24,73,49,27
TASK0037020,PRJ0037,任务20: 开发实现,取消,低,dev_5005,2024-10-24,2024-03-17,59,133,37
TASK0037021,PRJ0037,任务21: 开发实现,已完成,高,dev_5042,2024-08-17,2024-12-29,53,81,82
TASK0037022,PRJ0037,任务22: 测试验证,待开始,低,dev_5047,2024-06-07,2024-08-06,71,154,25
TASK0038001,PRJ0038,任务1: 文档编写,取消,低,dev_5013,2024-04-15,2024-07-22,42,121,79
TASK0038002,PRJ0038,任务2: 测试验证,待开始,低,dev_5038,2024-02-23,2024-05-29,65,126,30
TASK0038003,PRJ0038,任务3: 部署上线,进行中,低,dev_5044,2024-11-07,2024-01-08,65,65,57
TASK0038004,PRJ0038,任务4: 部署上线,进行中,低,dev_5025,2024-06-26,2024-08-04,15,153,120
TASK0038005,PRJ0038,任务5: 部署上线,取消,中,dev_5035,2024-02-06,2024-03-10,48,111,105
TASK0038006,PRJ0038,任务6: 文档编写,取消,低,dev_5008,2024-07-16,2024-10-20,72,48,117
TASK0038007,PRJ0038,任务7: 测试验证,待开始,低,dev_5033,2024-11-20,2024-08-05,89,104,90
TASK0038008,PRJ0038,任务8: 测试验证,已完成,低,dev_5047,2024-08-05,2024-07-09,76,123,113
TASK0038009,PRJ0038,任务9: 文档编写,已完成,低,dev_5030,2024-09-08,2024-08-10,61,62,160
TASK0038010,PRJ0038,任务10: 部署上线,待开始,高,dev_5030,2024-06-11,2024-01-18,93,113,134
TASK0038011,PRJ0038,任务11: 设计评审,进行中,低,dev_5047,2024-05-07,2024-08-31,30,65,144
TASK0038012,PRJ0038,任务12: 设计评审,已完成,中,dev_5050,2024-05-24,2024-12-19,11,52,111
TASK0038013,PRJ0038,任务13: 测试验证,取消,低,dev_5026,2024-06-21,2024-08-17,6,122,62
TASK0038014,PRJ0038,任务14: 文档编写,取消,中,dev_5017,2024-07-25,2024-01-02,95,100,39
TASK0038015,PRJ0038,任务15: 需求分析,阻塞,高,dev_5009,2024-02-04,2024-05-07,27,8,85
TASK0038016,PRJ0038,任务16: 部署上线,阻塞,低,dev_5036,2024-10-25,2024-03-26,80,138,134
TASK0039001,PRJ0039,任务1: 设计评审,进行中,低,dev_5043,2024-06-26,2024-06-19,99,135,101
TASK0039002,PRJ0039,任务2: 部署上线,进行中,高,dev_5033,2024-09-24,2024-10-02,27,135,8
TASK0039003,PRJ0039,任务3: 测试验证,取消,低,dev_5038,2024-02-05,2024-12-21,86,10,106
TASK0039004,PRJ0039,任务4: 设计评审,进行中,低,dev_5043,2024-11-28,2024-02-12,44,80,57
TASK0039005,PRJ0039,任务5: 开发实现,已完成,低,dev_5006,2024-10-15,2024-09-08,39,124,0
TASK0040001,PRJ0040,任务1: 部署上线,已完成,低,dev_5048,2024-07-22,2024-09-06,15,36,112
TASK0040002,PRJ0040,任务2: 设计评审,已完成,低,dev_5034,2024-11-19,2024-06-10,74,104,61
TASK0040003,PRJ0040,任务3: 开发实现,进行中,中,dev_5024,2024-01-25,2024-11-11,32,34,106
TASK0040004,PRJ0040,任务4: 设计评审,阻塞,中,dev_5012,2024-05-16,2024-01-06,64,105,41
TASK0040005,PRJ0040,任务5: 部署上线,阻塞,高,dev_5006,2024-12-31,2024-05-06,18,33,95
TASK0040006,PRJ0040,任务6: 测试验证,阻塞,中,dev_5004,2024-02-02,2024-12-12,79,27,130
TASK0040007,PRJ0040,任务7: 测试验证,待开始,中,dev_5008,2024-01-04,2024-05-17,100,93,156
TASK0040008,PRJ0040,任务8: 部署上线,取消,高,dev_5046,2024-01-24,2024-08-31,10,140,155
TASK0040009,PRJ0040,任务9: 部署上线,待开始,高,dev_5012,2024-02-10,2024-05-04,13,150,149
TASK0040010,PRJ0040,任务10: 文档编写,阻塞,高,dev_5021,2024-01-18,2024-04-07,39,106,27
TASK0040011,PRJ0040,任务11: 文档编写,待开始,中,dev_5016,2024-05-31,2024-02-16,61,73,22
TASK0040012,PRJ0040,任务12: 开发实现,阻塞,中,dev_5024,2024-06-02,2024-06-16,10,54,63
TASK0040013,PRJ0040,任务13: 设计评审,已完成,中,dev_5038,2024-02-08,2024-07-31,96,85,158
TASK0040014,PRJ0040,任务14: 需求分析,已完成,低,dev_5027,2024-07-26,2024-04-09,3,58,97
TASK0040015,PRJ0040,任务15: 设计评审,进行中,低,dev_5027,2024-06-06,2024-09-17,51,93,4
TASK0040016,PRJ0040,任务16: 需求分析,阻塞,中,dev_5017,2024-04-16,2024-06-15,22,89,0
TASK0040017,PRJ0040,任务17: 需求分析,取消,高,dev_5027,2024-07-06,2024-04-28,50,74,118
TASK0040018,PRJ0040,任务18: 需求分析,阻塞,低,dev_5028,2024-11-10,2024-08-06,80,130,124
TASK0040019,PRJ0040,任务19: 部署上线,待开始,高,dev_5017,2024-02-03,2024-06-07,43,46,70
TASK0040020,PRJ0040,任务20: 开发实现,取消,中,dev_5018,2024-10-25,2024-02-03,87,88,55
TASK0040021,PRJ0040,任务21: 开发实现,待开始,低,dev_5002,2024-12-08,2024-05-15,25,97,19
TASK0040022,PRJ0040,任务22: 部署上线,已完成,高,dev_5025,2024-04-16,2024-11-02,19,73,103
TASK0040023,PRJ0040,任务23: 开发实现,待开始,高,dev_5010,2024-08-21,2024-02-13,6,16,76
TASK0040024,PRJ0040,任务24: 部署上线,取消,高,dev_5012,2024-08-07,2024-05-23,96,68,132
TASK0040025,PRJ0040,任务25: 开发实现,阻塞,低,dev_5002,2024-11-08,2024-10-14,12,155,40
TASK0041001,PRJ0041,任务1: 需求分析,已完成,高,dev_5039,2024-02-18,2024-07-15,27,69,145
TASK0041002,PRJ0041,任务2: 文档编写,进行中,低,dev_5016,2024-07-19,2024-03-06,40,157,56
TASK0041003,PRJ0041,任务3: 设计评审,取消,中,dev_5024,2024-09-07,2024-03-02,14,51,75
TASK0041004,PRJ0041,任务4: 部署上线,待开始,高,dev_5033,2024-04-18,2024-01-02,3,117,44
TASK0041005,PRJ0041,任务5: 设计评审,取消,高,dev_5033,2024-04-18,2024-12-01,79,51,68
TASK0041006,PRJ0041,任务6: 开发实现,待开始,中,dev_5032,2024-10-19,2024-02-15,63,123,102
TASK0041007,PRJ0041,任务7: 需求分析,取消,中,dev_5001,2024-09-08,2024-11-13,10,32,120
TASK0041008,PRJ0041,任务8: 设计评审,取消,高,dev_5016,2024-04-26,2024-12-26,41,152,31
TASK0041009,PRJ0041,任务9: 设计评审,进行中,中,dev_5014,2024-02-12,2024-07-10,31,98,110
TASK0041010,PRJ0041,任务10: 设计评审,取消,中,dev_5047,2024-03-11,2024-06-08,45,13,69
TASK0041011,PRJ0041,任务11: 文档编写,待开始,低,dev_5017,2024-02-23,2024-05-16,57,135,23
TASK0041012,PRJ0041,任务12: 测试验证,取消,高,dev_5035,2024-12-07,2024-11-08,68,52,19
TASK0041013,PRJ0041,任务13: 部署上线,进行中,中,dev_5019,2024-07-16,2024-10-07,20,32,102
TASK0041014,PRJ0041,任务14: 设计评审,阻塞,高,dev_5039,2024-09-06,2024-01-03,27,141,110
TASK0041015,PRJ0041,任务15: 文档编写,已完成,低,dev_5045,2024-12-03,2024-11-23,82,120,59
TASK0041016,PRJ0041,任务16: 设计评审,进行中,高,dev_5009,2024-03-11,2024-05-09,20,118,51
TASK0041017,PRJ0041,任务17: 测试验证,取消,低,dev_5014,2024-07-20,2024-09-19,95,28,40
TASK0041018,PRJ0041,任务18: 开发实现,已完成,高,dev_5019,2024-06-24,2024-03-10,66,132,138
TASK0041019,PRJ0041,任务19: 开发实现,阻塞,中,dev_5040,2024-01-04,2024-05-22,33,127,72
TASK0041020,PRJ0041,任务20: 文档编写,待开始,中,dev_5028,2024-06-08,2024-04-19,34,76,19
TASK0041021,PRJ0041,任务21: 需求分析,已完成,中,dev_5038,2024-06-02,2024-12-07,93,16,98
TASK0041022,PRJ0041,任务22: 文档编写,已完成,高,dev_5049,2024-06-28,2024-04-21,22,156,63
TASK0041023,PRJ0041,任务23: 文档编写,进行中,中,dev_5020,2024-05-17,2024-12-05,68,67,71
TASK0041024,PRJ0041,任务24: 文档编写,已完成,高,dev_5037,2024-10-27,2024-07-07,40,9,140
TASK0041025,PRJ0041,任务25: 文档编写,取消,中,dev_5031,2024-06-11,2024-05-15,63,42,139
TASK0042001,PRJ0042,任务1: 需求分析,已完成,低,dev_5029,2024-01-15,2024-08-07,54,53,88
TASK0042002,PRJ0042,任务2: 文档编写,待开始,高,dev_5046,2024-08-07,2024-03-29,23,14,76
TASK0042003,PRJ0042,任务3: 设计评审,阻塞,中,dev_5008,2024-05-12,2024-11-09,36,148,121
TASK0042004,PRJ0042,任务4: 设计评审,已完成,低,dev_5017,2024-10-26,2024-03-07,54,37,89
TASK0042005,PRJ0042,任务5: 设计评审,取消,低,dev_5044,2024-05-01,2024-01-03,41,116,140
TASK0042006,PRJ0042,任务6: 设计评审,待开始,低,dev_5004,2024-09-17,2024-03-30,2,129,128
TASK0042007,PRJ0042,任务7: 需求分析,取消,低,dev_5033,2024-04-03,2024-03-28,4,156,33
TASK0042008,PRJ0042,任务8: 开发实现,进行中,低,dev_5008,2024-01-03,2024-11-27,90,159,70
TASK0042009,PRJ0042,任务9: 设计评审,进行中,低,dev_5023,2024-12-13,2024-05-12,62,152,20
TASK0042010,PRJ0042,任务10: 设计评审,待开始,低,dev_5011,2024-09-07,2024-10-24,16,158,148
TASK0042011,PRJ0042,任务11: 需求分析,进行中,中,dev_5006,2024-01-12,2024-01-08,86,50,43
TASK0042012,PRJ0042,任务12: 测试验证,取消,低,dev_5009,2024-07-03,2024-08-25,73,154,131
TASK0042013,PRJ0042,任务13: 部署上线,进行中,中,dev_5040,2024-12-19,2024-12-07,32,62,43
TASK0042014,PRJ0042,任务14: 测试验证,待开始,高,dev_5012,2024-03-28,2024-06-02,6,149,1
TASK0042015,PRJ0042,任务15: 文档编写,阻塞,中,dev_5042,2024-01-17,2024-01-07,29,131,136
TASK0042016,PRJ0042,任务16: 需求分析,阻塞,高,dev_5023,2024-01-26,2024-07-13,69,91,37
TASK0042017,PRJ0042,任务17: 开发实现,阻塞,高,dev_5033,2024-09-18,2024-10-14,74,102,147
TASK0042018,PRJ0042,任务18: 设计评审,待开始,低,dev_5021,2024-02-29,2024-07-02,10,55,35
TASK0042019,PRJ0042,任务19: 文档编写,取消,中,dev_5025,2024-01-24,2024-01-12,73,157,159
TASK0042020,PRJ0042,任务20: 文档编写,阻塞,低,dev_5019,2024-10-22,2024-05-23,14,34,113
TASK0042021,PRJ0042,任务21: 需求分析,已完成,低,dev_5004,2024-04-30,2024-07-26,37,136,125
TASK0042022,PRJ0042,任务22: 设计评审,阻塞,高,dev_5045,2024-06-25,2024-11-10,86,13,27
TASK0042023,PRJ0042,任务23: 设计评审,已完成,低,dev_5037,2024-08-06,2024-09-16,35,141,52
TASK0042024,PRJ0042,任务24: 开发实现,进行中,低,dev_5009,2024-10-15,2024-12-16,88,121,138
TASK0042025,PRJ0042,任务25: 文档编写,阻塞,低,dev_5032,2024-02-08,2024-06-20,39,55,145
TASK0042026,PRJ0042,任务26: 文档编写,已完成,低,dev_5040,2024-10-31,2024-06-14,62,28,148
TASK0042027,PRJ0042,任务27: 开发实现,阻塞,低,dev_5042,2024-09-11,2024-01-27,5,127,22
TASK0042028,PRJ0042,任务28: 部署上线,待开始,低,dev_5042,2024-12-26,2024-01-25,29,101,48
TASK0042029,PRJ0042,任务29: 设计评审,阻塞,高,dev_5023,2024-11-15,2024-03-17,14,128,45
TASK0042030,PRJ0042,任务30: 设计评审,已完成,高,dev_5022,2024-11-19,2024-02-14,47,90,136
TASK0043001,PRJ0043,任务1: 部署上线,阻塞,中,dev_5016,2024-02-26,2024-12-03,83,77,56
TASK0043002,PRJ0043,任务2: 部署上线,阻塞,高,dev_5025,2024-02-26,2024-02-02,43,85,37
TASK0043003,PRJ0043,任务3: 需求分析,待开始,低,dev_5034,2024-09-13,2024-11-13,43,73,152
TASK0043004,PRJ0043,任务4: 文档编写,待开始,低,dev_5010,2024-12-29,2024-07-16,41,156,85
TASK0043005,PRJ0043,任务5: 需求分析,阻塞,高,dev_5015,2024-07-20,2024-11-30,49,116,78
TASK0043006,PRJ0043,任务6: 部署上线,待开始,中,dev_5015,2024-02-15,2024-04-21,100,123,67
TASK0043007,PRJ0043,任务7: 需求分析,待开始,低,dev_5006,2024-10-17,2024-10-06,7,37,27
TASK0043008,PRJ0043,任务8: 需求分析,阻塞,高,dev_5036,2024-03-25,2024-04-02,35,77,60
TASK0043009,PRJ0043,任务9: 设计评审,阻塞,中,dev_5050,2024-05-15,2024-10-18,93,88,20
TASK0043010,PRJ0043,任务10: 文档编写,取消,低,dev_5041,2024-12-02,2024-09-13,15,156,124
TASK0043011,PRJ0043,任务11: 部署上线,已完成,中,dev_5005,2024-08-18,2024-11-02,14,96,72
TASK0043012,PRJ0043,任务12: 设计评审,阻塞,低,dev_5036,2024-01-21,2024-11-24,27,77,93
TASK0043013,PRJ0043,任务13: 部署上线,已完成,低,dev_5039,2024-04-14,2024-01-15,36,77,12
TASK0043014,PRJ0043,任务14: 部署上线,待开始,低,dev_5005,2024-01-18,2024-01-03,53,158,83
TASK0043015,PRJ0043,任务15: 测试验证,取消,低,dev_5006,2024-11-04,2024-10-01,89,63,48
TASK0043016,PRJ0043,任务16: 设计评审,待开始,中,dev_5031,2024-10-28,2024-03-27,49,106,73
TASK0043017,PRJ0043,任务17: 需求分析,进行中,低,dev_5004,2024-08-16,2024-06-26,0,94,144
TASK0043018,PRJ0043,任务18: 部署上线,取消,高,dev_5042,2024-08-08,2024-05-22,2,140,29
TASK0043019,PRJ0043,任务19: 需求分析,阻塞,中,dev_5008,2024-01-30,2024-10-21,13,121,159
TASK0043020,PRJ0043,任务20: 测试验证,已完成,高,dev_5002,2024-06-15,2024-11-05,20,14,138
TASK0043021,PRJ0043,任务21: 测试验证,已完成,高,dev_5047,2024-09-12,2024-05-28,74,77,90
TASK0043022,PRJ0043,任务22: 文档编写,已完成,低,dev_5035,2024-04-10,2024-10-31,24,29,134
TASK0043023,PRJ0043,任务23: 开发实现,阻塞,中,dev_5047,2024-06-19,2024-05-11,72,70,65
TASK0043024,PRJ0043,任务24: 测试验证,取消,高,dev_5010,2024-07-29,2024-09-21,70,139,31
TASK0043025,PRJ0043,任务25: 需求分析,阻塞,低,dev_5041,2024-10-12,2024-07-11,90,69,45
TASK0043026,PRJ0043,任务26: 需求分析,待开始,低,dev_5030,2024-01-21,2024-11-17,27,13,125
TASK0043027,PRJ0043,任务27: 文档编写,取消,高,dev_5030,2024-08-04,2024-03-06,31,52,83
TASK0043028,PRJ0043,任务28: 开发实现,取消,低,dev_5008,2024-02-13,2024-11-27,94,37,42
TASK0044001,PRJ0044,任务1: 测试验证,阻塞,中,dev_5007,2024-07-04,2024-02-18,69,15,115
TASK0044002,PRJ0044,任务2: 部署上线,已完成,中,dev_5009,2024-05-14,2024-07-18,59,119,4
TASK0044003,PRJ0044,任务3: 需求分析,已完成,低,dev_5009,2024-06-25,2024-11-07,56,113,80
TASK0044004,PRJ0044,任务4: 测试验证,待开始,高,dev_5022,2024-05-11,2024-06-01,44,147,77
TASK0044005,PRJ0044,任务5: 测试验证,取消,低,dev_5023,2024-02-14,2024-10-31,50,24,65
TASK0044006,PRJ0044,任务6: 部署上线,取消,高,dev_5005,2024-12-03,2024-12-26,33,15,150
TASK0044007,PRJ0044,任务7: 需求分析,已完成,中,dev_5042,2024-06-02,2024-06-08,73,116,43
TASK0044008,PRJ0044,任务8: 文档编写,已完成,高,dev_5008,2024-08-03,2024-06-27,31,149,157
TASK0044009,PRJ0044,任务9: 测试验证,进行中,低,dev_5044,2024-01-25,2024-08-22,51,107,102
TASK0044010,PRJ0044,任务10: 测试验证,已完成,低,dev_5010,2024-05-11,2024-11-25,38,54,3
TASK0044011,PRJ0044,任务11: 设计评审,待开始,中,dev_5031,2024-10-28,2024-10-30,63,10,103
TASK0044012,PRJ0044,任务12: 开发实现,取消,高,dev_5007,2024-03-08,2024-05-22,47,22,121
TASK0044013,PRJ0044,任务13: 测试验证,取消,高,dev_5028,2024-04-24,2024-06-16,5,115,130
TASK0044014,PRJ0044,任务14: 需求分析,待开始,低,dev_5009,2024-03-15,2024-08-23,15,115,106
TASK0044015,PRJ0044,任务15: 设计评审,进行中,低,dev_5042,2024-04-27,2024-07-02,23,115,0
TASK0044016,PRJ0044,任务16: 需求分析,阻塞,低,dev_5029,2024-03-29,2024-08-01,43,93,129
TASK0044017,PRJ0044,任务17: 需求分析,进行中,高,dev_5028,2024-02-20,2024-04-07,42,74,34
TASK0044018,PRJ0044,任务18: 测试验证,待开始,高,dev_5043,2024-10-09,2024-03-06,27,59,33
TASK0044019,PRJ0044,任务19: 文档编写,待开始,高,dev_5011,2024-06-15,2024-12-16,28,19,70
TASK0044020,PRJ0044,任务20: 文档编写,阻塞,中,dev_5047,2024-06-07,2024-01-09,99,124,24
TASK0044021,PRJ0044,任务21: 部署上线,已完成,高,dev_5015,2024-02-27,2024-02-09,43,111,75
TASK0044022,PRJ0044,任务22: 文档编写,取消,高,dev_5021,2024-07-31,2024-03-31,94,150,117
TASK0044023,PRJ0044,任务23: 开发实现,进行中,低,dev_5007,2024-09-17,2024-05-12,69,68,60
TASK0044024,PRJ0044,任务24: 测试验证,已完成,低,dev_5010,2024-02-26,2024-06-25,19,158,106
TASK0044025,PRJ0044,任务25: 开发实现,已完成,低,dev_5030,2024-02-02,2024-07-12,49,57,156
TASK0044026,PRJ0044,任务26: 设计评审,待开始,高,dev_5009,2024-03-23,2024-02-19,55,149,131
TASK0044027,PRJ0044,任务27: 需求分析,阻塞,高,dev_5007,2024-09-19,2024-03-20,10,93,86
TASK0044028,PRJ0044,任务28: 测试验证,已完成,低,dev_5006,2024-03-09,2024-07-07,12,53,26
TASK0045001,PRJ0045,任务1: 部署上线,进行中,低,dev_5013,2024-05-28,2024-01-08,83,27,120
TASK0045002,PRJ0045,任务2: 部署上线,待开始,低,dev_5020,2024-05-16,2024-12-23,90,95,93
TASK0045003,PRJ0045,任务3: 测试验证,阻塞,低,dev_5025,2024-10-24,2024-12-30,48,46,88
TASK0045004,PRJ0045,任务4: 设计评审,阻塞,中,dev_5007,2024-02-22,2024-09-05,15,42,11
TASK0045005,PRJ0045,任务5: 设计评审,已完成,中,dev_5045,2024-09-02,2024-12-20,34,39,113
TASK0045006,PRJ0045,任务6: 开发实现,阻塞,中,dev_5040,2024-03-29,2024-04-16,0,20,33
TASK0045007,PRJ0045,任务7: 设计评审,已完成,高,dev_5009,2024-04-28,2024-08-18,11,111,98
TASK0045008,PRJ0045,任务8: 开发实现,进行中,高,dev_5043,2024-04-08,2024-12-21,45,29,153
TASK0045009,PRJ0045,任务9: 部署上线,取消,中,dev_5041,2024-03-22,2024-02-03,8,25,81
TASK0045010,PRJ0045,任务10: 设计评审,取消,高,dev_5029,2024-01-05,2024-11-11,87,156,54
TASK0045011,PRJ0045,任务11: 文档编写,待开始,中,dev_5031,2024-08-07,2024-11-18,32,40,12
TASK0045012,PRJ0045,任务12: 文档编写,待开始,低,dev_5050,2024-02-17,2024-09-12,97,70,19
TASK0045013,PRJ0045,任务13: 需求分析,待开始,高,dev_5040,2024-02-28,2024-01-16,87,75,100
TASK0045014,PRJ0045,任务14: 需求分析,待开始,中,dev_5012,2024-11-27,2024-01-24,39,157,87
TASK0045015,PRJ0045,任务15: 测试验证,阻塞,低,dev_5026,2024-12-29,2024-06-26,11,13,51
TASK0045016,PRJ0045,任务16: 部署上线,取消,中,dev_5014,2024-08-29,2024-12-17,81,54,34
TASK0045017,PRJ0045,任务17: 测试验证,取消,高,dev_5037,2024-04-03,2024-11-03,1,50,87
TASK0045018,PRJ0045,任务18: 设计评审,进行中,中,dev_5018,2024-09-27,2024-10-05,69,13,125
TASK0045019,PRJ0045,任务19: 测试验证,取消,低,dev_5046,2024-08-11,2024-07-01,59,129,102
TASK0045020,PRJ0045,任务20: 开发实现,已完成,高,dev_5037,2024-06-29,2024-11-01,21,149,145
TASK0045021,PRJ0045,任务21: 需求分析,已完成,中,dev_5016,2024-02-07,2024-03-26,83,83,87
TASK0045022,PRJ0045,任务22: 文档编写,进行中,中,dev_5030,2024-05-13,2024-10-24,90,24,19
TASK0046001,PRJ0046,任务1: 需求分析,取消,中,dev_5044,2024-08-26,2024-10-05,87,38,142
TASK0046002,PRJ0046,任务2: 设计评审,进行中,高,dev_5014,2024-11-25,2024-12-31,34,77,146
TASK0046003,PRJ0046,任务3: 开发实现,已完成,中,dev_5043,2024-06-03,2024-10-01,38,142,90
TASK0046004,PRJ0046,任务4: 文档编写,阻塞,低,dev_5048,2024-06-07,2024-06-03,42,28,67
TASK0046005,PRJ0046,任务5: 设计评审,待开始,低,dev_5024,2024-08-25,2024-03-12,79,158,23
TASK0046006,PRJ0046,任务6: 开发实现,进行中,中,dev_5046,2024-01-29,2024-09-02,8,64,51
TASK0046007,PRJ0046,任务7: 部署上线,待开始,中,dev_5015,2024-09-30,2024-03-07,56,111,72
TASK0046008,PRJ0046,任务8: 文档编写,阻塞,高,dev_5050,2024-03-08,2024-04-18,93,98,82
TASK0046009,PRJ0046,任务9: 开发实现,已完成,低,dev_5041,2024-03-16,2024-06-20,92,154,28
TASK0046010,PRJ0046,任务10: 设计评审,阻塞,高,dev_5001,2024-07-30,2024-08-27,56,63,15
TASK0046011,PRJ0046,任务11: 部署上线,阻塞,低,dev_5002,2024-05-03,2024-11-09,78,62,65
TASK0046012,PRJ0046,任务12: 测试验证,取消,中,dev_5011,2024-01-27,2024-12-31,61,95,54
TASK0046013,PRJ0046,任务13: 部署上线,待开始,低,dev_5006,2024-12-03,2024-11-23,74,56,140
TASK0046014,PRJ0046,任务14: 设计评审,取消,低,dev_5037,2024-02-12,2024-09-18,92,61,82
TASK0046015,PRJ0046,任务15: 需求分析,阻塞,高,dev_5040,2024-09-13,2024-06-04,68,90,86
TASK0046016,PRJ0046,任务16: 需求分析,已完成,高,dev_5026,2024-09-17,2024-03-01,44,32,22
TASK0046017,PRJ0046,任务17: 开发实现,阻塞,高,dev_5030,2024-09-14,2024-06-19,50,112,41
TASK0047001,PRJ0047,任务1: 测试验证,阻塞,高,dev_5044,2024-08-24,2024-03-31,39,66,129
TASK0047002,PRJ0047,任务2: 需求分析,已完成,中,dev_5024,2024-07-28,2024-06-28,10,76,151
TASK0047003,PRJ0047,任务3: 部署上线,阻塞,中,dev_5014,2024-11-28,2024-01-18,8,83,66
TASK0047004,PRJ0047,任务4: 测试验证,进行中,高,dev_5035,2024-05-13,2024-06-13,41,80,85
TASK0047005,PRJ0047,任务5: 需求分析,待开始,高,dev_5042,2024-03-13,2024-03-12,9,141,128
TASK0047006,PRJ0047,任务6: 开发实现,取消,高,dev_5014,2024-02-10,2024-03-06,6,99,155
TASK0047007,PRJ0047,任务7: 设计评审,待开始,低,dev_5037,2024-09-23,2024-11-12,91,67,6
TASK0048001,PRJ0048,任务1: 文档编写,进行中,低,dev_5012,2024-03-18,2024-12-30,5,50,79
TASK0048002,PRJ0048,任务2: 需求分析,阻塞,中,dev_5027,2024-10-30,2024-08-12,5,111,135
TASK0048003,PRJ0048,任务3: 设计评审,取消,高,dev_5036,2024-03-25,2024-07-12,90,112,114
TASK0048004,PRJ0048,任务4: 开发实现,待开始,低,dev_5002,2024-12-07,2024-01-04,76,131,124
TASK0048005,PRJ0048,任务5: 设计评审,已完成,低,dev_5019,2024-10-24,2024-12-03,52,55,93
TASK0048006,PRJ0048,任务6: 文档编写,取消,中,dev_5038,2024-01-10,2024-02-29,18,31,55
TASK0048007,PRJ0048,任务7: 开发实现,已完成,高,dev_5004,2024-03-01,2024-03-23,43,64,64
TASK0048008,PRJ0048,任务8: 文档编写,进行中,中,dev_5047,2024-05-12,2024-07-18,54,156,56
TASK0048009,PRJ0048,任务9: 测试验证,待开始,中,dev_5031,2024-11-20,2024-06-17,55,84,74
TASK0048010,PRJ0048,任务10: 需求分析,进行中,低,dev_5006,2024-05-17,2024-09-20,22,54,30
TASK0048011,PRJ0048,任务11: 需求分析,取消,低,dev_5017,2024-06-18,2024-12-23,63,54,4
TASK0048012,PRJ0048,任务12: 开发实现,已完成,中,dev_5015,2024-03-24,2024-02-21,50,149,83
TASK0048013,PRJ0048,任务13: 开发实现,已完成,高,dev_5010,2024-07-17,2024-11-01,36,102,3
TASK0048014,PRJ0048,任务14: 开发实现,取消,高,dev_5047,2024-07-19,2024-01-28,59,48,38
TASK0048015,PRJ0048,任务15: 部署上线,取消,中,dev_5038,2024-10-22,2024-04-12,74,46,136
TASK0048016,PRJ0048,任务16: 文档编写,取消,低,dev_5046,2024-12-30,2024-07-27,49,137,148
TASK0048017,PRJ0048,任务17: 部署上线,待开始,高,dev_5002,2024-07-23,2024-11-19,86,95,46
TASK0048018,PRJ0048,任务18: 部署上线,已完成,中,dev_5020,2024-04-10,2024-01-17,40,52,54
TASK0048019,PRJ0048,任务19: 文档编写,阻塞,高,dev_5017,2024-02-18,2024-08-09,100,67,113
TASK0048020,PRJ0048,任务20: 需求分析,阻塞,低,dev_5011,2024-09-11,2024-05-13,90,43,7
TASK0048021,PRJ0048,任务21: 需求分析,已完成,高,dev_5012,2024-11-28,2024-11-13,37,9,113
TASK0048022,PRJ0048,任务22: 部署上线,取消,高,dev_5039,2024-08-14,2024-08-30,93,151,131
TASK0048023,PRJ0048,任务23: 需求分析,待开始,中,dev_5033,2024-07-08,2024-10-26,12,97,152
TASK0049001,PRJ0049,任务1: 文档编写,已完成,中,dev_5011,2024-05-31,2024-10-11,96,122,133
TASK0049002,PRJ0049,任务2: 开发实现,待开始,中,dev_5007,2024-06-06,2024-09-12,13,74,1
TASK0049003,PRJ0049,任务3: 文档编写,取消,低,dev_5030,2024-09-06,2024-10-22,97,97,19
TASK0049004,PRJ0049,任务4: 开发实现,阻塞,低,dev_5038,2024-03-23,2024-03-09,75,37,51
TASK0049005,PRJ0049,任务5: 测试验证,取消,高,dev_5041,2024-02-02,2024-07-22,70,142,72
TASK0050001,PRJ0050,任务1: 需求分析,已完成,低,dev_5031,2024-07-25,2024-12-19,30,66,2
TASK0050002,PRJ0050,任务2: 部署上线,取消,中,dev_5031,2024-11-24,2024-11-01,12,86,26
TASK0050003,PRJ0050,任务3: 开发实现,取消,高,dev_5050,2024-09-13,2024-06-03,17,127,97
TASK0050004,PRJ0050,任务4: 测试验证,阻塞,中,dev_5007,2024-08-09,2024-06-21,30,121,71
TASK0050005,PRJ0050,任务5: 测试验证,阻塞,中,dev_5036,2024-06-24,2024-08-02,26,121,25
TASK0050006,PRJ0050,任务6: 测试验证,已完成,高,dev_5026,2024-02-04,2024-11-30,90,37,24
TASK0050007,PRJ0050,任务7: 测试验证,取消,中,dev_5038,2024-07-09,2024-03-11,39,26,126
TASK0050008,PRJ0050,任务8: 需求分析,阻塞,低,dev_5032,2024-06-03,2024-09-08,70,49,80
TASK0050009,PRJ0050,任务9: 测试验证,进行中,中,dev_5047,2024-04-14,2024-03-29,41,30,2
TASK0050010,PRJ0050,任务10: 需求分析,待开始,高,dev_5011,2024-12-02,2024-10-12,66,59,30
TASK0050011,PRJ0050,任务11: 开发实现,取消,低,dev_5050,2024-02-04,2024-05-18,9,21,21
TASK0050012,PRJ0050,任务12: 需求分析,进行中,高,dev_5006,2024-11-27,2024-08-20,39,127,66
TASK0050013,PRJ0050,任务13: 文档编写,取消,高,dev_5021,2024-12-17,2024-08-31,72,119,24
TASK0050014,PRJ0050,任务14: 部署上线,已完成,高,dev_5013,2024-09-13,2024-01-29,23,25,44
TASK0050015,PRJ0050,任务15: 开发实现,已完成,低,dev_5035,2024-03-19,2024-05-14,99,130,2
TASK0050016,PRJ0050,任务16: 部署上线,待开始,低,dev_5032,2024-01-23,2024-10-26,23,126,132
TASK0050017,PRJ0050,任务17: 文档编写,已完成,中,dev_5018,2024-04-08,2024-07-28,88,81,41
TASK0050018,PRJ0050,任务18: 开发实现,已完成,高,dev_5044,2024-06-07,2024-12-13,59,23,44
TASK0050019,PRJ0050,任务19: 测试验证,取消,高,dev_5041,2024-06-12,2024-12-04,37,110,103
TASK0050020,PRJ0050,任务20: 测试验证,取消,低,dev_5009,2024-01-01,2024-09-04,99,52,146
TASK0050021,PRJ0050,任务21: 测试验证,进行中,高,dev_5049,2024-04-30,2024-12-24,14,141,112
TASK0050022,PRJ0050,任务22: 需求分析,取消,中,dev_5045,2024-05-03,2024-04-16,38,78,89
TASK0050023,PRJ0050,任务23: 设计评审,取消,中,dev_5024,2024-01-24,2024-10-08,22,153,5
TASK0050024,PRJ0050,任务24: 文档编写,进行中,低,dev_5047,2024-06-13,2024-07-18,89,160,128
TASK0050025,PRJ0050,任务25: 需求分析,进行中,低,dev_5020,2024-05-22,2024-01-01,19,123,132
TASK0050026,PRJ0050,任务26: 设计评审,阻塞,低,dev_5009,2024-12-03,2024-07-12,70,78,158
